,betweenness
ALA27 A,5.769057985149124e-05
TYR28 A,2.9344898197455453e-06
THR29 A,0.0016959042390872422
ASN30 A,0.00023112664785828003
SER31 A,0.00808343872405916
PHE32 A,0.0006281019256418102
THR33 A,0.0009545215082343042
ARG34 A,0.0018797896532779578
GLY35 A,0.004617866112944012
VAL36 A,0.003008307865515896
TYR37 A,0.002029552357688899
TYR38 A,0.013218353090555373
PRO39 A,0.005418514025905735
ASP40 A,0.0028367919789167384
LYS41 A,0.01754564301750354
VAL42 A,0.009634726763769402
PHE43 A,0.009814575944397247
ARG44 A,0.014070324157834586
SER45 A,0.0005103605380970449
SER46 A,0.0035732204531649997
VAL47 A,0.0007511972189535265
LEU48 A,0.006511673348464372
HIS49 A,0.0003384139393815068
SER50 A,0.00041724836723531437
THR51 A,0.0011763038922066329
GLN52 A,0.00020379542178912532
ASP53 A,0.0027985997422876967
LEU54 A,0.002040904798286981
PHE55 A,0.0006662342637127431
LEU56 A,0.0038230946106202783
PRO57 A,0.014821347192945197
PHE58 A,0.013603444794562944
PHE59 A,0.0005613790601680466
SER60 A,0.0017102859241793686
ASN61 A,0.0004035988953810593
VAL62 A,0.002256362457117417
THR63 A,0.00039154579816473014
TRP64 A,0.0008484106940283821
PHE65 A,0.0007787381604833136
HIS66 A,0.00038178011491473454
ALA67 A,0.0007092906211517843
ILE68 A,0.0
HIS69 A,0.0
ASP80 A,3.888510592679704e-05
ASN81 A,4.0790164128081915e-06
PRO82 A,0.00017787763509663715
VAL83 A,0.00020620776768320108
LEU84 A,0.0007668379307489904
PRO85 A,0.00011327800996489814
PHE86 A,0.007162463824747605
ASN87 A,0.0020433473594297035
ASP88 A,0.004372073467892214
GLY89 A,0.008178703521277862
VAL90 A,0.001834853965950908
TYR91 A,0.0032403779093310506
PHE92 A,0.0022126681831770682
ALA93 A,0.0007075225488806797
SER94 A,0.007074081950778686
THR95 A,0.0034518858190359285
GLU96 A,0.0028095977211689484
LYS97 A,0.00045985520636815684
SER98 A,0.0
ASN99 A,0.0005131397766900236
ILE100 A,0.0011577920609866042
ILE101 A,0.005361291953406971
ARG102 A,0.0007739417326662293
GLY103 A,0.0015355007256369299
TRP104 A,0.0013489711414876328
ILE105 A,0.0036137613699153194
PHE106 A,0.0014979699040613818
GLY107 A,0.006010067996736278
THR108 A,0.0017478649135926972
THR109 A,0.0010062362110288437
LEU110 A,0.0016960728049313122
ASP111 A,0.00043689331230648123
SER112 A,0.0003405267187746441
LYS113 A,3.827295053177043e-05
THR114 A,0.0002611166997498666
GLN115 A,0.001959295221274331
SER116 A,0.002804995692383818
LEU117 A,0.0006288628311757071
LEU118 A,0.0012072906022296303
ILE119 A,0.0007789578054553968
VAL120 A,0.0003632288712821699
ASN121 A,0.0010597784758188526
ASN122 A,8.371265354197951e-05
ALA123 A,0.0
THR124 A,2.5155316799663576e-06
ASN125 A,8.560773959995792e-05
VAL126 A,0.000482165310363469
VAL127 A,0.000721970334477365
ILE128 A,0.0014182782396437161
LYS129 A,0.00025569211758197797
VAL130 A,0.004180890779099458
CYS131 A,3.4624761660653404e-05
GLU132 A,0.0004290492141127301
PHE133 A,0.0006080623729202896
GLN134 A,0.0001539073331329395
PHE135 A,0.00116179826778858
CYS136 A,3.4348004061270136e-05
ASN137 A,0.0
ASP138 A,2.829129035990195e-06
PRO139 A,0.0002677506198800415
PHE140 A,0.0005252603387664727
LEU141 A,0.00015033528201384351
GLY142 A,1.2852264986167494e-06
VAL143 A,6.126501627607662e-07
ASN165 A,6.649189749406248e-07
CYS166 A,5.864768734675508e-06
THR167 A,0.0015336270571575602
PHE168 A,0.003974514774775853
GLU169 A,0.0007191895373052103
TYR170 A,0.0011661337525160733
VAL171 A,0.00017049438130908545
SER172 A,0.00013334838732894527
PHE186 A,0.00016552144285007466
LYS187 A,0.00014230184092945994
ASN188 A,0.0006558837345140672
LEU189 A,0.0009479004177491493
ARG190 A,0.005122968238889027
GLU191 A,0.007729471973388014
PHE192 A,0.0013776494775297214
VAL193 A,0.0029599018674628086
PHE194 A,0.0032890944303984593
LYS195 A,0.0016007282673288345
ASN196 A,0.011887796695429189
ILE197 A,0.0002667278546562176
ASP198 A,0.0067575284550758724
GLY199 A,0.025043683373357314
TYR200 A,0.004420140015891924
PHE201 A,0.0042038606511717105
LYS202 A,0.005830250888699682
ILE203 A,0.002646547971698681
TYR204 A,0.0008348778929273349
SER205 A,0.005660405556845688
LYS206 A,0.0034591556422926364
HIS207 A,0.0010166305985397461
THR208 A,0.000677408950204461
PRO209 A,0.00011836814890118537
ILE210 A,0.00022182653406681256
ASN211 A,1.0092470304070776e-06
LEU212 A,0.0004338891756166983
VAL213 A,8.295642456041735e-05
ARG214 A,0.0
ASP215 A,0.00020400862501331193
LEU216 A,0.00439583998487725
PRO217 A,0.0005070670490490795
GLN218 A,0.000486334603106355
GLY219 A,0.0011523611560978252
PHE220 A,0.0009223136185859879
SER221 A,0.0015687151211879638
ALA222 A,0.00263374043572151
LEU223 A,0.008365373072972231
GLU224 A,0.005209902432626101
PRO225 A,0.009636404367243863
LEU226 A,0.005152123538678401
VAL227 A,0.0007228936966490602
ASP228 A,0.001952167333482189
LEU229 A,0.0012862104202116924
PRO230 A,0.0003700395476162698
ILE231 A,0.0118846802442039
GLY232 A,0.0053773509480662595
ILE233 A,0.007557168036473335
ASN234 A,0.0063259394310591
ILE235 A,0.003882640820567699
THR236 A,0.00173677319561224
ARG237 A,0.0030284753585645497
PHE238 A,0.00439106720434933
GLN239 A,0.0005832017787689686
THR240 A,0.0009630557659327737
LEU241 A,0.002907804005382792
LEU242 A,0.0006065360495331269
ALA243 A,0.0021111253482024974
LEU244 A,8.931098475309642e-05
HIS245 A,7.848391060211678e-08
ALA263 A,0.001821559755988641
ALA264 A,0.0007582324916433535
TYR265 A,0.0008422052319915092
TYR266 A,0.002111940013543031
VAL267 A,0.00041555130445177017
GLY268 A,0.0014371180691922566
TYR269 A,0.0038176248228536506
LEU270 A,0.005473201731716967
GLN271 A,0.008588414760224023
PRO272 A,0.00012510931130283882
ARG273 A,0.007502801851400507
THR274 A,0.0014136538555577284
PHE275 A,0.0011870005083090287
LEU276 A,0.0013105221542379778
LEU277 A,0.0012749877091442368
LYS278 A,0.0006055578851202612
TYR279 A,0.009203875183477688
ASN280 A,4.1156008049062905e-05
GLU281 A,1.2106118563390183e-06
ASN282 A,0.0006710817244759212
GLY283 A,0.002549333962881331
THR284 A,0.0004630644522849998
ILE285 A,0.002727864463676025
THR286 A,0.0014692593199372652
ASP287 A,0.0012842521422937112
ALA288 A,0.0016547299150013338
VAL289 A,0.0015073779126637862
ASP290 A,0.009283025593185465
CYS291 A,0.0023287426906142775
ALA292 A,0.006478599147354269
LEU293 A,0.022946605605144627
ASP294 A,9.097934337832977e-05
PRO295 A,0.022865734913043962
LEU296 A,0.0013160072810934626
SER297 A,0.000522584781948223
GLU298 A,0.02035452175963571
THR299 A,0.0031617120830328407
LYS300 A,0.0018783103638630452
CYS301 A,0.002401393312493372
THR302 A,0.0016974727101613438
LEU303 A,2.5344657291647807e-05
LYS304 A,0.0009647707257499915
SER305 A,0.0050838011023806575
PHE306 A,0.00028340282059304613
THR307 A,0.0012022387645123265
VAL308 A,0.004423840925760285
GLU309 A,0.00027583058207054716
LYS310 A,0.003982915048376101
GLY311 A,0.002240927309491372
ILE312 A,0.018946902036890687
TYR313 A,0.0005386211420814333
GLN314 A,0.002543377671372636
THR315 A,0.01114155682028587
SER316 A,0.013020099198871872
ASN317 A,0.0025200208067460974
PHE318 A,0.00871332753887783
ARG319 A,0.0024410079373345175
VAL320 A,0.00387650161190108
GLN321 A,0.0007916721074151097
PRO322 A,0.002052805265737268
THR323 A,2.570160143260785e-05
GLU324 A,7.02275639071864e-05
SER325 A,0.000666544274076916
ILE326 A,0.0017656263035545838
VAL327 A,0.0013152429174535208
ARG328 A,0.0013931914474082931
PHE329 A,0.0009459406519664936
PRO330 A,0.0005477908636429805
ASN331 A,0.0002815215602885851
ILE332 A,8.497516940564678e-05
THR333 A,0.00018140320121364683
ASN334 A,1.2866048698711097e-06
LEU335 A,0.0006088100885782944
CYS336 A,0.0014829234538620796
PRO337 A,0.0007630766449724884
PHE338 A,0.000425969063975523
GLY339 A,4.1274315578824064e-05
GLU340 A,7.503777396824601e-05
VAL341 A,0.0017936206226910338
PHE342 A,0.0005850186015187052
ASN343 A,9.409880489633974e-05
ALA344 A,0.0001410491738634767
THR345 A,1.6430606853710265e-05
ARG346 A,3.040342743909716e-05
PHE347 A,0.000797495201569501
ALA348 A,0.001041231631750397
SER349 A,0.0007812798896058384
VAL350 A,0.005492058408089851
TYR351 A,0.001667192822006779
ALA352 A,0.0005191013348995583
TRP353 A,0.0012446100041280733
ASN354 A,0.0005782333652211865
ARG355 A,0.0003617336212686823
LYS356 A,0.00016314072023657864
ARG357 A,0.0002773917929453356
ILE358 A,0.0018431899818432914
SER359 A,0.000694289699426688
ASN360 A,0.0002186399445734999
CYS361 A,0.0009273894111820519
VAL362 A,0.0008891488950205762
ALA363 A,0.00042728635317978666
ASP364 A,0.0022946500525458454
TYR365 A,0.0011408305117016836
SER366 A,0.006796443845369662
VAL367 A,0.0011691583572819488
LEU368 A,0.0009712900236233033
TYR369 A,0.0010866220378136892
ASN370 A,0.01556037108741722
SER371 A,0.00032044300341121533
ALA372 A,0.006491710166855954
SER373 A,2.1115370402818616e-05
PHE374 A,0.0022798602363117417
SER375 A,0.005105061883293362
THR376 A,0.0004915030946049901
PHE377 A,0.0027546754763385557
LYS378 A,0.000128329129733753
CYS379 A,0.0034963365509878773
TYR380 A,0.01324810186618155
GLY381 A,0.002624263594289686
VAL382 A,0.013230246059203032
SER383 A,0.016289266277157766
PRO384 A,0.0009148700839096939
THR385 A,0.0007613421433361505
LYS386 A,0.005409938094757994
LEU387 A,0.003301302702024416
ASN388 A,0.007676365846378418
ASP389 A,0.0009473270984296973
LEU390 A,0.005900466505104985
CYS391 A,0.005730751816516369
PHE392 A,0.0020118056651070963
THR393 A,0.010136288215800055
ASN394 A,0.0010652794515063355
VAL395 A,0.00543950341968981
TYR396 A,0.001274152702990399
ALA397 A,0.0036537757364136225
ASP398 A,0.00125610512308223
SER399 A,0.0024136516700316783
PHE400 A,0.0011374160595337673
VAL401 A,0.0018050388874511483
ILE402 A,0.000854839217580036
ARG403 A,0.0006060550975994307
GLY404 A,0.0012753305008320497
ASP405 A,0.0019853242655018355
GLU406 A,0.0016002008855033167
VAL407 A,0.002414036410919345
ARG408 A,0.0028824643543585724
GLN409 A,0.0022349466843841
ILE410 A,0.004032483561682982
ALA411 A,0.01843552522039613
PRO412 A,0.004764190914716968
GLY413 A,0.011986832829915257
GLN414 A,0.00018491842644015677
THR415 A,0.005462309180576631
GLY416 A,1.6133734056640115e-05
LYS417 A,0.015767690956941336
ILE418 A,0.003541040228488685
ALA419 A,0.0057795943996479865
ASP420 A,0.0008136061335207344
TYR421 A,0.0011541124293664563
ASN422 A,0.010933931062384323
TYR423 A,0.007319001389496541
LYS424 A,0.0020532609463369683
LEU425 A,0.02978657603544371
PRO426 A,0.003923698309136006
ASP427 A,0.04078052469135739
ASP428 A,0.00019748379083399636
PHE429 A,0.01324414496528931
THR430 A,0.000980243089339334
GLY431 A,0.004197799510448999
CYS432 A,0.005026813356438872
VAL433 A,0.011107862647279901
ILE434 A,0.00322690050238355
ALA435 A,0.004246462292064353
TRP436 A,0.00266409363805536
ASN437 A,0.003799629075600729
SER438 A,0.0017149275313648336
ASN439 A,0.0009183471998916212
ASN440 A,0.0001685753711180219
LEU441 A,0.00011970547351217619
ASP442 A,0.00020119608066559218
SER443 A,0.0003722798477173726
LYS444 A,1.4210189333470732e-05
GLY447 A,2.9178716256101555e-06
ASN448 A,0.0005766099247673728
TYR449 A,0.00032439867389273447
ASN450 A,1.1052895339722754e-05
TYR451 A,0.0026825196152519275
LEU452 A,0.001221968745006501
TYR453 A,0.0013180590185888376
ARG454 A,0.0036037990924724563
LYS462 A,2.3180783595696638e-07
PRO463 A,0.0036102207848752923
PHE464 A,0.02932047786513609
GLU465 A,0.005615161746231839
ARG466 A,0.0019253342579388382
ASP467 A,0.00019669150982096607
ILE468 A,8.502423648562653e-08
TYR489 A,0.0
PHE490 A,5.886293295158759e-08
PRO491 A,0.000686106346483705
LEU492 A,0.00033355467136215186
GLN493 A,0.0004920314721306556
SER494 A,0.00014261436729736125
TYR495 A,0.00021849316371551225
GLY496 A,0.00027163894555900923
PHE497 A,0.0006624590394780548
GLN498 A,0.0008506565824122338
PRO499 A,2.3791174927602835e-05
THR500 A,0.0
ASN501 A,4.805527241341098e-05
VAL503 A,9.145401553263449e-06
GLY504 A,0.0002488904461970395
TYR505 A,0.0007448700752527728
GLN506 A,0.0018441161592858215
PRO507 A,0.0011408125829463682
TYR508 A,0.0020728848600672345
ARG509 A,0.0013086418521124092
VAL510 A,0.003065333863531491
VAL511 A,0.0032201235942171196
VAL512 A,0.0023159071348816634
LEU513 A,0.0017445694165378058
SER514 A,0.0060320979663253385
PHE515 A,0.002360721067145939
GLU516 A,0.0011176596665738786
LEU517 A,0.0011284936985809454
LEU518 A,0.0004377425432567186
HIS519 A,0.005257497753918297
ALA520 A,0.011087461075347216
PRO521 A,0.004648907973133035
ALA522 A,0.0044300059978232605
THR523 A,0.002527946119113985
VAL524 A,0.002426401545719557
CYS525 A,0.0035337386149962725
GLY526 A,0.0010208700826453629
PRO527 A,0.0004340691273705214
LYS528 A,0.00040247748514653676
LYS529 A,0.0003373292104750859
SER530 A,0.0007097499907213893
THR531 A,2.1704641678876708e-05
ASN532 A,5.384053120709557e-05
LEU533 A,9.827022828717776e-05
VAL534 A,0.0001777644270718645
LYS535 A,0.000410792838464083
ASN536 A,5.059063832793985e-05
LYS537 A,8.177546110272059e-05
CYS538 A,0.001606009642821385
VAL539 A,0.0018517821629377386
ASN540 A,0.0022964532469275083
PHE541 A,0.00254281686331099
ASN542 A,0.0015965696011373761
PHE543 A,0.002892313144628841
ASN544 A,0.002717372452848378
GLY545 A,0.0016823589498973042
LEU546 A,0.004177945430506205
THR547 A,0.006355337735736727
GLY548 A,0.0011150499962271799
THR549 A,0.009553839015486388
GLY550 A,0.00246856377700081
VAL551 A,0.0033550969688498555
LEU552 A,0.0010297035506864685
THR553 A,0.00038433337030963874
GLU554 A,0.00033337721756409986
SER555 A,0.0002763562689318046
ASN556 A,5.036878264480205e-05
LYS557 A,0.00040020818512348646
LYS558 A,0.0005486498302635202
PHE559 A,0.0018107874508709887
LEU560 A,0.000836599088490407
PRO561 A,2.9431466475793796e-08
PHE562 A,0.01926707038303516
GLN563 A,0.0007463209253084285
GLN564 A,0.010173577085301031
PHE565 A,0.014819843707998232
GLY566 A,0.0024138652135216702
ARG567 A,0.037736456231172506
ASP568 A,0.006526975091537946
ILE569 A,0.013090495622510977
ALA570 A,0.02426104805488291
ASP571 A,0.0082074506544345
THR572 A,0.0022392959307684737
THR573 A,0.0035934154285776733
ASP574 A,0.0063784827647700255
ALA575 A,0.002928897461453341
VAL576 A,0.0095743167008733
ARG577 A,0.0015643538303420578
ASP578 A,0.0010824931262715368
PRO579 A,0.0020879291521597914
GLN580 A,0.00016411319608589128
THR581 A,1.4614224828498296e-05
LEU582 A,0.00010922617791479564
GLU583 A,1.950365010854979e-05
ILE584 A,0.002198365218902949
LEU585 A,0.000957990305459633
ASP586 A,0.0015458372569227457
ILE587 A,0.012329065193392339
THR588 A,0.0050815546242105256
PRO589 A,0.017218886300859663
CYS590 A,0.007959573060578352
SER591 A,0.009350870535300395
PHE592 A,0.005990476126656386
GLY593 A,0.002669617817650241
GLY594 A,0.027335826937071882
VAL595 A,0.0012289383096436783
SER596 A,0.003622700812777338
VAL597 A,0.017504369770777062
ILE598 A,0.004534741485005062
THR599 A,0.0008046294518373037
PRO600 A,0.00167558582815023
GLY601 A,0.0009995555308399257
THR602 A,0.0003109845474909707
ASN603 A,2.9104494412999746e-05
THR604 A,2.9698237363479294e-07
SER605 A,1.967918873547692e-05
ASN606 A,6.113680712703977e-05
GLN607 A,0.0005217174395927443
VAL608 A,0.00415560035058269
ALA609 A,0.0004285642932402861
VAL610 A,0.00492371878565035
LEU611 A,0.0004841304270138663
TYR612 A,0.004248593227878332
GLN613 A,0.0016675726283851167
ASP614 A,0.009313242611758192
VAL615 A,0.003947179341125633
ASN616 A,0.0010057755181283145
CYS617 A,0.0007120078385736374
THR618 A,0.0
GLU619 A,0.0009419859435713179
VAL620 A,0.000227488971961283
ASN641 A,4.2951350778278754e-05
VAL642 A,0.0008029486252831605
PHE643 A,0.0009889937553215094
GLN644 A,0.0002024682204270934
THR645 A,0.003927886858154356
ARG646 A,0.0012470578915611292
ALA647 A,0.003076615869710086
GLY648 A,0.0013269902786047748
CYS649 A,0.0037094782644128163
LEU650 A,0.003204218229590722
ILE651 A,0.0004323679580789133
GLY652 A,0.0005205894844913911
ALA653 A,0.0011794806104961195
GLU654 A,0.0006446414557749672
HIS655 A,0.0003898020718707722
VAL656 A,0.00025859575609941916
ASN657 A,2.041805054770973e-05
ASN658 A,6.984512720667616e-06
SER659 A,0.00035638851418108293
TYR660 A,8.56171230608549e-05
GLU661 A,0.0012195625028765878
CYS662 A,0.007275828061829731
ASP663 A,0.0009712006983353583
ILE664 A,0.005748670135168293
PRO665 A,0.006566223226215718
ILE666 A,0.015249881646018381
GLY667 A,0.008312316418306641
ALA668 A,0.0062083637181979965
GLY669 A,0.01514127172290229
ILE670 A,0.0030757892794025738
CYS671 A,0.003476866235654778
ALA672 A,0.004238624220039612
SER673 A,0.0014733589504293204
TYR674 A,0.0006564899443497553
GLN675 A,4.045600062062783e-05
THR676 A,1.774844625069121e-05
SER689 A,0.0
GLN690 A,1.194883613478322e-05
SER691 A,0.0009692734543196535
ILE692 A,0.0028482312287161885
ILE693 A,0.0005461936670242882
ALA694 A,0.001618810666757313
TYR695 A,0.0017260344679516175
THR696 A,0.0023499486889888483
MET697 A,0.004585847818320617
SER698 A,0.008096091707164773
LEU699 A,0.0053565639836405275
GLY700 A,0.0015009469356228186
ALA701 A,0.00723070659796902
GLU702 A,0.00020460081290560596
ASN703 A,0.006537157921790301
SER704 A,0.0013408810141551377
VAL705 A,0.007377671039361889
ALA706 A,0.0005302199951124181
TYR707 A,0.0007315135651187085
SER708 A,0.0006308230877987148
ASN709 A,0.0002033727909592443
ASN710 A,0.0015118145166750439
SER711 A,0.0011223367187114738
ILE712 A,0.006551429265164841
ALA713 A,0.0015402807286581974
ILE714 A,0.005016741493062809
PRO715 A,0.0006856895161714417
THR716 A,0.0009338654148826306
ASN717 A,0.0002710825016982405
PHE718 A,0.0017916873232358239
THR719 A,0.0012511133180763067
ILE720 A,0.0037474739648948522
SER721 A,0.0016483082131409801
VAL722 A,0.005574563109601401
THR723 A,0.0017175395488970551
THR724 A,0.008005567645574736
GLU725 A,0.003865288303657488
ILE726 A,0.010100329850791382
LEU727 A,0.005179291886136516
PRO728 A,0.018837893382615017
VAL729 A,0.01290073480526717
SER730 A,0.006016249407423094
MET731 A,0.024586761459758577
THR732 A,0.021705967996712507
LYS733 A,0.009616645944100524
THR734 A,0.0105230067221268
SER735 A,0.016550873254086565
VAL736 A,0.005535176926661319
ASP737 A,0.023963407756267378
CYS738 A,0.0024191685806916846
THR739 A,0.008186131765716942
MET740 A,0.0030683555105425033
TYR741 A,0.016253107929179715
ILE742 A,0.0017657923898554266
CYS743 A,0.018310795401741457
GLY744 A,0.0012056410163293486
ASP745 A,0.005228798943100303
SER746 A,0.004421489149980975
THR747 A,0.0007029292547514776
GLU748 A,0.001107426987183194
CYS749 A,0.009146244969886719
SER750 A,0.002977660245425934
ASN751 A,0.0004624056000278605
LEU752 A,0.019026436860975972
LEU753 A,0.01218588377451221
LEU754 A,0.000509824274565943
GLN755 A,0.0024837416890817134
TYR756 A,0.030035714166083596
GLY757 A,0.013244840883029855
SER758 A,0.007646843555554354
PHE759 A,0.004340886368741546
CYS760 A,0.021478230038139798
THR761 A,0.0012139840082823882
GLN762 A,0.0032854185109453937
LEU763 A,0.005686317614810086
ASN764 A,0.018468290788661062
ARG765 A,0.0005041900969035656
ALA766 A,0.004402763605373041
LEU767 A,0.014732005194022978
THR768 A,0.0030864761031465142
GLY769 A,0.0006455595140829051
ILE770 A,0.009523614184739123
ALA771 A,0.01051875021045462
VAL772 A,0.0020207691190737486
GLU773 A,0.001371489927572805
GLN774 A,0.012304462696237143
ASP775 A,0.01220944092897322
LYS776 A,0.0009486047463521093
ASN777 A,0.004090732992573884
THR778 A,0.013442945242447797
GLN779 A,0.008382467083930823
GLU780 A,0.0010610882612999213
VAL781 A,0.010123773771638164
PHE782 A,0.007182265315088797
ALA783 A,0.006932531167677049
GLN784 A,0.005278206678292781
VAL785 A,0.013713471651592608
LYS786 A,0.0010515828851028778
GLN787 A,0.0011167141132443765
ILE788 A,0.00499270959092878
TYR789 A,0.0010298705317689136
LYS790 A,0.0007979539633190916
THR791 A,0.0012078531457875
PRO792 A,0.000843928762640107
PRO793 A,0.0
ILE794 A,8.566055175164051e-05
LYS795 A,0.0001389438559582226
ASP796 A,0.00014348025858466022
PHE797 A,0.0009209797459893925
GLY798 A,0.0004579587677523934
GLY799 A,0.0002755906317477269
PHE800 A,0.0005685628611355061
ASN801 A,0.0016053982023762647
PHE802 A,0.001162837942163437
SER803 A,0.0005786527102187391
GLN804 A,0.0014418380520086398
ILE805 A,0.002498177120490982
LEU806 A,0.0016019608972956574
PRO807 A,0.0008104845534749189
ASP808 A,0.00017671596532224142
PRO809 A,5.946527500818251e-06
SER810 A,1.6195969946166678e-06
LYS811 A,7.630127105209414e-06
PRO812 A,0.0
SER813 A,0.00010459496892430942
LYS814 A,0.002566797468165436
ARG815 A,0.002200777028018818
SER816 A,0.000779305237067512
PHE817 A,0.0006923996049403852
ILE818 A,0.0013471422877250855
GLU819 A,0.0019639746665947215
ASP820 A,0.0006655096116528741
LEU821 A,0.0009041605818582761
LEU822 A,0.0015516950730365556
PHE823 A,0.0015288879949176659
ASN824 A,0.0007843508039350883
LYS825 A,0.00041025783669087866
VAL826 A,0.00040639241379685203
THR827 A,0.0036373327504838405
LYS854 A,0.00011535696457490401
PHE855 A,0.008005521710996106
ASN856 A,0.0015933745991243522
GLY857 A,0.0030126581465441666
LEU858 A,0.01429280658923789
THR859 A,0.0017908116364829445
VAL860 A,0.005871668549580968
LEU861 A,0.015725311999117586
PRO862 A,0.001678958367376257
PRO863 A,0.007629936282782906
LEU864 A,0.005853675320965256
LEU865 A,0.013182911985908265
THR866 A,0.003365592660617121
ASP867 A,7.719814948929402e-05
GLU868 A,0.0050980906057927974
MET869 A,0.011899138877695543
ILE870 A,0.003157375506361489
ALA871 A,0.0039754884917247366
GLN872 A,0.0011392924863682802
TYR873 A,0.010302631065370898
THR874 A,0.0016633799761981724
SER875 A,0.0013481783396706215
ALA876 A,0.0011458335222932852
LEU877 A,0.010283531683794847
LEU878 A,0.002194946337971035
ALA879 A,0.0014179579185908753
GLY880 A,0.0013056844567603748
THR881 A,0.0019128417867366756
ILE882 A,0.001330727958873781
THR883 A,0.0023612698602571342
SER884 A,0.0012662782951883915
GLY885 A,0.009074073031526679
TRP886 A,0.0013479609056936907
THR887 A,0.0001445219134456032
PHE888 A,0.008647672397527577
GLY889 A,0.008392803639186954
ALA890 A,0.0024115221257474625
GLY891 A,0.0030486668660660056
ALA892 A,0.0010561786298013528
ALA893 A,0.0015836112180290446
LEU894 A,0.010329437543999826
GLN895 A,0.0038958392649568164
ILE896 A,0.004178517937442778
PRO897 A,0.0014629197524293498
PHE898 A,0.0014089624783934981
ALA899 A,0.003674196872413938
MET900 A,0.0027619577057585885
GLN901 A,0.0018781281827829992
MET902 A,0.005990175469940455
ALA903 A,0.00410612115368869
TYR904 A,0.000143484609559316
ARG905 A,0.003345335901814402
PHE906 A,0.011599324490988971
ASN907 A,0.0005804766201307265
GLY908 A,0.010757357820288579
ILE909 A,0.0032042903848475855
GLY910 A,0.005176042682791204
VAL911 A,0.010373453186092197
THR912 A,0.0025166242465299374
GLN913 A,0.009836457561665249
ASN914 A,0.0019960373484185527
VAL915 A,0.0006623759386507552
LEU916 A,0.0022889815931318456
TYR917 A,0.0027690692644249384
GLU918 A,0.001215846299106491
ASN919 A,0.0002068619873398529
GLN920 A,0.000698802424453983
LYS921 A,4.890501935320329e-05
LEU922 A,3.216091995053644e-05
ILE923 A,0.001913017520099497
ALA924 A,0.0009081511851952113
ASN925 A,0.00024381384219055778
GLN926 A,0.0010116262078044686
PHE927 A,0.0027390857155877237
ASN928 A,0.00048334564730251106
SER929 A,9.627636736583369e-05
ALA930 A,0.0007544654033954644
ILE931 A,0.0007614663801900357
GLY932 A,0.00020556545212675772
LYS933 A,0.0003840284397443605
ILE934 A,0.002141296033510545
GLN935 A,0.0005633176498159285
ASP936 A,0.00016213982856137272
SER937 A,0.001039714268273997
LEU938 A,0.0010564199915615792
SER939 A,4.574678095707777e-05
SER940 A,1.8315294525805156e-05
THR941 A,2.9206600317264385e-05
ALA942 A,0.0008898914827133943
SER943 A,4.8449275045213435e-05
ALA944 A,0.002392211194773596
LEU945 A,0.0013475737213210098
GLY946 A,0.0015391089014132784
LYS947 A,0.004407012617193292
LEU948 A,0.00843993523411474
GLN949 A,0.0018865503905127435
ASP950 A,0.0018110474745768827
VAL951 A,0.010687945562654622
VAL952 A,0.011197174302261971
ASN953 A,0.0022700637511488897
GLN954 A,0.002710326229876078
ASN955 A,0.03103731131028367
ALA956 A,0.007002390671461882
GLN957 A,0.004072325446993682
ALA958 A,0.004769846302594038
LEU959 A,0.029207837706073925
ASN960 A,0.00568560545277883
THR961 A,0.00706538935816298
LEU962 A,0.007760864456479228
VAL963 A,0.030569225387458255
LYS964 A,0.008533417336837898
GLN965 A,0.017300979778940753
LEU966 A,0.0043611560833264765
SER967 A,0.011927254590411766
SER968 A,0.0032956280498439615
ASN969 A,0.004409065670246616
PHE970 A,0.004400890240651154
GLY971 A,0.014439643430254624
ALA972 A,9.831219297182456e-05
ILE973 A,0.0009848489845974552
SER974 A,0.003847378964768566
SER975 A,0.0026349097935555615
VAL976 A,0.011604166234872298
LEU977 A,0.007155958213871086
ASN978 A,0.006006920147792483
ASP979 A,0.007491378497589151
ILE980 A,0.013920696330843318
LEU981 A,0.00311818781072601
SER982 A,0.00435026960192999
ARG983 A,0.012879658810985514
LEU984 A,0.010291979455995292
ASP985 A,0.015185316727618858
PRO986 A,0.0026536719135954014
PRO987 A,0.054469267782173085
GLU988 A,0.003714511085060598
ALA989 A,0.011113976231943632
GLU990 A,0.024935121758355282
VAL991 A,0.014492849056670691
GLN992 A,0.008984619509078298
ILE993 A,0.0029505003977641844
ASP994 A,0.002682040137445949
ARG995 A,0.014437871096332518
LEU996 A,0.004505272697076394
ILE997 A,0.0052379500698413
THR998 A,0.0010099826332235478
GLY999 A,0.006755171000825973
ARG1000 A,0.009011167426267263
LEU1001 A,0.005005601218858377
GLN1002 A,0.0011337204925106297
SER1003 A,0.00810270961494198
LEU1004 A,0.002414989670825564
GLN1005 A,0.003454936223435073
THR1006 A,0.0019623751684877443
TYR1007 A,0.008229505920716248
VAL1008 A,0.0022317777621786747
THR1009 A,0.015091654968292905
GLN1010 A,0.0016711148284338161
GLN1011 A,0.007916638906778174
LEU1012 A,0.0147612878335802
ILE1013 A,0.015553115092099178
ARG1014 A,0.0011928140727181739
ALA1015 A,0.006112759899500221
ALA1016 A,0.010079900095369852
GLU1017 A,0.01145819131266812
ILE1018 A,0.004693060393489568
ARG1019 A,0.008316184770682484
ALA1020 A,0.002299976514627593
SER1021 A,0.005413379058654256
ALA1022 A,0.004096012757493228
ASN1023 A,0.003340473320764664
LEU1024 A,0.002380969291936781
ALA1025 A,0.019478521463537613
ALA1026 A,0.004206588159356193
THR1027 A,0.01763855807391705
LYS1028 A,0.01423352575038038
MET1029 A,0.007499293745811257
SER1030 A,0.009269680349525326
GLU1031 A,0.008405060651474734
CYS1032 A,0.002275295960658628
VAL1033 A,0.007185194584955223
LEU1034 A,0.010801760958520397
GLY1035 A,0.006384999419786833
GLN1036 A,0.01278718004281964
SER1037 A,0.01640353014571372
LYS1038 A,0.0012017957216753727
ARG1039 A,0.002823697367409855
VAL1040 A,0.009026078555595299
ASP1041 A,0.00262163340985463
PHE1042 A,0.025052746997040867
CYS1043 A,0.0044242150396558615
GLY1044 A,0.0052916076527421045
LYS1045 A,0.002507980336549796
GLY1046 A,0.002255940408088133
TYR1047 A,0.0021180685383138456
HIS1048 A,0.0021185050803214827
LEU1049 A,0.02213799556066789
MET1050 A,0.001891523062865703
SER1051 A,0.007583999272562313
PHE1052 A,0.003111216893146008
PRO1053 A,0.008105255544873645
GLN1054 A,0.005883638094013149
SER1055 A,0.002072199407490104
ALA1056 A,0.003652775196191914
PRO1057 A,0.00040325566154100735
HIS1058 A,0.01684397890258402
GLY1059 A,0.001503130698411847
VAL1060 A,0.016667212674583685
VAL1061 A,0.0013689980648483751
PHE1062 A,0.009318223996183506
LEU1063 A,0.0031309670563676945
HIS1064 A,0.009092596722096362
VAL1065 A,0.002831483027867139
THR1066 A,0.0025131849210706233
TYR1067 A,0.002682224847165323
VAL1068 A,0.001613792927076969
PRO1069 A,0.004425021069149583
ALA1070 A,0.0005379518876744957
GLN1071 A,0.00013100984900935635
GLU1072 A,0.00041647363308443513
LYS1073 A,0.00021614435424747717
ASN1074 A,0.0001719593779601061
PHE1075 A,0.0016295337813165974
THR1076 A,0.0007870501016047478
THR1077 A,0.0009579698199565712
ALA1078 A,0.001959605205406219
PRO1079 A,0.006853175031151033
ALA1080 A,0.0007309889616260931
ILE1081 A,0.0021084994417571628
CYS1082 A,0.0004284006654680705
HIS1083 A,0.00020155593455815332
ASP1084 A,0.0
GLY1085 A,3.223764938407875e-06
LYS1086 A,0.0003808126107901953
ALA1087 A,0.0008392208372980637
HIS1088 A,0.00039438667233666577
PHE1089 A,0.009593865524995493
PRO1090 A,0.0008454993651718457
ARG1091 A,0.00023013824560932548
GLU1092 A,0.0032913303262847747
GLY1093 A,0.0006332613733320394
VAL1094 A,0.004070655258332621
PHE1095 A,0.0008440160420717479
VAL1096 A,0.0036935006387654114
SER1097 A,0.00046824048554572464
ASN1098 A,0.0003272372532534094
GLY1099 A,0.0001091195319724911
THR1100 A,4.709034636127008e-08
HIS1101 A,3.4476701091310245e-06
TRP1102 A,0.001238099694089614
PHE1103 A,0.0007879598260329599
VAL1104 A,0.0039304631025519985
THR1105 A,0.0009624956044215655
GLN1106 A,0.009164065113724387
ARG1107 A,0.005966922027759353
ASN1108 A,0.0010925319567744293
PHE1109 A,0.002075043846862686
TYR1110 A,0.0005440244537089251
GLU1111 A,0.0004036405929741357
PRO1112 A,0.0011493241982071956
GLN1113 A,8.860178897244196e-05
ILE1114 A,0.0013497756486075697
ILE1115 A,0.0017125970790773093
THR1116 A,0.00216016324814226
THR1117 A,0.0027413935829308893
ASP1118 A,0.000577313527571188
ASN1119 A,0.0011951327521544076
THR1120 A,0.00476191801626607
PHE1121 A,0.0016886568419130794
VAL1122 A,0.0002458980749127087
SER1123 A,0.0010959366158064916
GLY1124 A,0.00020263720823271176
ASN1125 A,5.010097851818804e-05
CYS1126 A,4.55858642844221e-05
ASP1127 A,0.0
VAL1128 A,0.00035360515379935286
VAL1129 A,0.001472128775984937
ILE1130 A,4.248520338175401e-05
GLY1131 A,3.781716772078279e-05
ILE1132 A,0.0008820870483226693
VAL1133 A,9.760180970523772e-05
ASN1134 A,2.8609612449236825e-06
ASN1135 A,0.0002297031971301254
THR1136 A,0.00020799824712029443
VAL1137 A,0.0002960151291855343
TYR1138 A,0.0006012329386398714
ASP1139 A,0.0018077027921826242
PRO1140 A,0.0030594497661333925
LEU1141 A,0.0003499595063618797
GLN1142 A,0.0009794285873434663
PRO1143 A,0.0007274248527328603
GLU1144 A,0.0004333367509121977
LEU1145 A,0.001182342856332701
ASP1146 A,1.3734684355370436e-07
SER1147 A,1.484101750644992e-05
ALA27 B,5.7690579851491216e-05
TYR28 B,2.9344898197455453e-06
THR29 B,0.0016959010164087358
ASN30 B,0.00023112350251839388
SER31 B,0.008083425936819108
PHE32 B,0.0006281003764567974
THR33 B,0.0009545185385547156
ARG34 B,0.001879783778778326
GLY35 B,0.0046179022216140545
VAL36 B,0.0030083052783752666
TYR37 B,0.0020295448316117203
TYR38 B,0.01321832113211143
PRO39 B,0.005418488109395021
ASP40 B,0.0028367916043961594
LYS41 B,0.017545587756869277
VAL42 B,0.009634726332073263
PHE43 B,0.009814596556179778
ARG44 B,0.014070296812874094
SER45 B,0.0005103620059078364
SER46 B,0.0035731997427489543
VAL47 B,0.0007511957230655997
LEU48 B,0.006511630705222841
HIS49 B,0.00033840956240826483
SER50 B,0.00041724854748049144
THR51 B,0.0011762957280376171
GLN52 B,0.00020379542178912543
ASP53 B,0.00279858168626752
LEU54 B,0.0020409090301086517
PHE55 B,0.0006662322536984356
LEU56 B,0.0038231069201878722
PRO57 B,0.014821406705610536
PHE58 B,0.013603451407491501
PHE59 B,0.0005613769496771516
SER60 B,0.0017102820524533787
ASN61 B,0.00040359506778075266
VAL62 B,0.002256375016024769
THR63 B,0.00039154552644782184
TRP64 B,0.0008484140957739782
PHE65 B,0.0007787368637649601
HIS66 B,0.00038177926962976714
ALA67 B,0.0007092902678655842
ILE68 B,0.0
HIS69 B,0.0
ASP80 B,3.888510592679702e-05
ASN81 B,4.0790164128081915e-06
PRO82 B,0.00017787998466922824
VAL83 B,0.00020620818989099628
LEU84 B,0.0007668389156977898
PRO85 B,0.00011327872553649125
PHE86 B,0.007162463285047102
ASN87 B,0.002043347359429708
ASP88 B,0.004372094391783722
GLY89 B,0.008178736475072395
VAL90 B,0.0018348582260556791
TYR91 B,0.00324041870766441
PHE92 B,0.0022126461325672636
ALA93 B,0.0007075310040265538
SER94 B,0.007074052561443392
THR95 B,0.0034518905295477793
GLU96 B,0.0028095809610416676
LYS97 B,0.0004598554056677234
SER98 B,0.0
ASN99 B,0.0005131362407604757
ILE100 B,0.0011577860252599064
ILE101 B,0.005361257627466295
ARG102 B,0.0007739411475474961
GLY103 B,0.0015354992674153122
TRP104 B,0.0013489717964654188
ILE105 B,0.0036138027141254655
PHE106 B,0.0014979704026692056
GLY107 B,0.006010129389344147
THR108 B,0.001747887618650826
THR109 B,0.0010062371228249367
LEU110 B,0.0016960801850289153
ASP111 B,0.00043689341713269616
SER112 B,0.0003405238723558996
LYS113 B,3.8272574737186326e-05
THR114 B,0.000261118523342075
GLN115 B,0.001959287262636787
SER116 B,0.002804981751162941
LEU117 B,0.0006288639102169242
LEU118 B,0.0012072881972669991
ILE119 B,0.0007789591388611271
VAL120 B,0.00036322867686491633
ASN121 B,0.0010597787273619503
ASN122 B,8.371265354197947e-05
ALA123 B,0.0
THR124 B,2.5155316799663576e-06
ASN125 B,8.560748805684923e-05
VAL126 B,0.00048216516989574125
VAL127 B,0.0007219699163365771
ILE128 B,0.0014182771592412152
LYS129 B,0.00025569162598504386
VAL130 B,0.004180885238626597
CYS131 B,3.4624761660653404e-05
GLU132 B,0.0004290468559276032
PHE133 B,0.0006080582067097773
GLN134 B,0.00015390722830672257
PHE135 B,0.0011617986366655694
CYS136 B,3.434800406127014e-05
ASN137 B,0.0
ASP138 B,2.829129035990195e-06
PRO139 B,0.00026775061988004224
PHE140 B,0.0005252618520881704
LEU141 B,0.00015033679533553026
GLY142 B,1.2852264986167494e-06
VAL143 B,6.126501627607662e-07
ASN165 B,6.649189749406248e-07
CYS166 B,5.864768734675508e-06
THR167 B,0.0015336269645998728
PHE168 B,0.003974513603597378
GLU169 B,0.0007191893521898405
TYR170 B,0.0011661336131357986
VAL171 B,0.00017049428983886372
SER172 B,0.00013334836446139193
PHE186 B,0.00016552192029867723
LYS187 B,0.00014230401284139583
ASN188 B,0.0006558854056103422
LEU189 B,0.0009479135073648617
ARG190 B,0.00512293872765757
GLU191 B,0.00772947601163065
PHE192 B,0.001377635192347342
VAL193 B,0.0029599041306083164
PHE194 B,0.0032890619465457023
LYS195 B,0.0016007290466183166
ASN196 B,0.011887806166582483
ILE197 B,0.0002667272676715458
ASP198 B,0.006757522386025454
GLY199 B,0.0250434863140524
TYR200 B,0.004420152504622375
PHE201 B,0.0042038012631718455
LYS202 B,0.005830245808552788
ILE203 B,0.002646487851555208
TYR204 B,0.0008348743337524059
SER205 B,0.005660344889089948
LYS206 B,0.0034591501980233354
HIS207 B,0.001016620179120984
THR208 B,0.0006774092604947818
PRO209 B,0.00011836816663529609
ILE210 B,0.00022182610118102634
ASN211 B,1.0092470304070776e-06
LEU212 B,0.00043388846072728884
VAL213 B,8.295599178261848e-05
ARG214 B,0.0
ASP215 B,0.00020400681015660045
LEU216 B,0.004395839040025926
PRO217 B,0.0005070666385060951
GLN218 B,0.00048633759566477623
GLY219 B,0.001152361125589469
PHE220 B,0.0009223190420088507
SER221 B,0.001568721760590373
ALA222 B,0.002633733135753534
LEU223 B,0.008365375946312502
GLU224 B,0.005209868567003516
PRO225 B,0.009636376555345707
LEU226 B,0.005152103099372382
VAL227 B,0.0007228931522819611
ASP228 B,0.0019521671396981431
LEU229 B,0.001286210768949961
PRO230 B,0.0003700425738461511
ILE231 B,0.011884672624593976
GLY232 B,0.005377586331940168
ILE233 B,0.007557120930213402
ASN234 B,0.006326056565028985
ILE235 B,0.003882619128243382
THR236 B,0.001736786262079723
ARG237 B,0.0030284756057479393
PHE238 B,0.004391071757692413
GLN239 B,0.0005832026875715215
THR240 B,0.0009630569931862344
LEU241 B,0.002907829742207016
LEU242 B,0.0006065289548713387
ALA243 B,0.0021111160577944954
LEU244 B,8.930911460588565e-05
HIS245 B,7.848391060211678e-08
ALA263 B,0.0018215601807697072
ALA264 B,0.0007582343597411353
TYR265 B,0.0008422059289245882
TYR266 B,0.002111951782042557
VAL267 B,0.0004155617527513474
GLY268 B,0.001437126148862458
TYR269 B,0.003817650055048375
LEU270 B,0.00547322596101968
GLN271 B,0.008588423658370325
PRO272 B,0.00012510811864805592
ARG273 B,0.007502801425327146
THR274 B,0.0014136490772640566
PHE275 B,0.001186995664451572
LEU276 B,0.0013105096162922966
LEU277 B,0.0012749843121791593
LYS278 B,0.0006055529285818751
TYR279 B,0.009203862893054594
ASN280 B,4.115600804906289e-05
GLU281 B,1.2106118563390183e-06
ASN282 B,0.000671081725803666
GLY283 B,0.0025493388089662416
THR284 B,0.00046306427599261153
ILE285 B,0.0027278679615282443
THR286 B,0.0014692651641723057
ASP287 B,0.0012842511254547938
ALA288 B,0.0016547296297916875
VAL289 B,0.0015073661937436186
ASP290 B,0.009283052266657937
CYS291 B,0.0023287344046256423
ALA292 B,0.006478597908532187
LEU293 B,0.022946639297511954
ASP294 B,9.097934337832954e-05
PRO295 B,0.022865733223543516
LEU296 B,0.001315982936206099
SER297 B,0.0005225844594795602
GLU298 B,0.020354564902781352
THR299 B,0.003161728062765763
LYS300 B,0.0018782815552805118
CYS301 B,0.0024013780526004405
THR302 B,0.0016974848346766084
LEU303 B,2.5343574384725378e-05
LYS304 B,0.0009647651649614503
SER305 B,0.005083771128763922
PHE306 B,0.000283402820593046
THR307 B,0.0012022287999245622
VAL308 B,0.0044238329691334635
GLU309 B,0.00027582610052534837
LYS310 B,0.0039829111271096436
GLY311 B,0.002240930232649739
ILE312 B,0.018946917415264282
TYR313 B,0.0005386315784711738
GLN314 B,0.0025434037415713456
THR315 B,0.011141698936502648
SER316 B,0.013020066459578237
ASN317 B,0.002520107139861055
PHE318 B,0.008713254579580209
ARG319 B,0.0024410589771911486
VAL320 B,0.003876541688299335
GLN321 B,0.0007916721250919263
PRO322 B,0.0020528167315452704
THR323 B,2.5701601432607916e-05
GLU324 B,7.022756390718637e-05
SER325 B,0.0006665440647461723
ILE326 B,0.0017656313575921906
VAL327 B,0.001315242557298679
ARG328 B,0.0013931844602013644
PHE329 B,0.000945939651382585
PRO330 B,0.0005477902567054223
ASN331 B,0.00028152156028858806
ILE332 B,8.49751694056467e-05
THR333 B,0.00018140320121364594
ASN334 B,1.2866048698711097e-06
LEU335 B,0.0006088121686410143
CYS336 B,0.0014829457173216728
PRO337 B,0.000763086126455888
PHE338 B,0.00042597291994726967
GLY339 B,4.1274315578823834e-05
GLU340 B,7.503777396824562e-05
VAL341 B,0.0017935992577589157
PHE342 B,0.0005850198595065892
ASN343 B,9.409909907809781e-05
ALA344 B,0.00014104479628300752
THR345 B,1.6430606853710302e-05
ARG346 B,3.0400382907262182e-05
PHE347 B,0.0007974835338828848
ALA348 B,0.0010412239954241838
SER349 B,0.000781271669355736
VAL350 B,0.005492019840762759
TYR351 B,0.0016671914341896276
ALA352 B,0.0005190733005785636
TRP353 B,0.001244469079136367
ASN354 B,0.0005782342142169644
ARG355 B,0.0003617160393748511
LYS356 B,0.00016314232313833105
ARG357 B,0.0002774042884403316
ILE358 B,0.0018432150807797558
SER359 B,0.0006943072719249365
ASN360 B,0.00021864300346783482
CYS361 B,0.0009273896408922111
VAL362 B,0.0008891489415182829
ALA363 B,0.0004272878638538285
ASP364 B,0.002294657663106903
TYR365 B,0.0011408363464651369
SER366 B,0.0067969228548492135
VAL367 B,0.00116915930486667
LEU368 B,0.0009712906073415393
TYR369 B,0.0010866000448653225
ASN370 B,0.015560863867398179
SER371 B,0.00032044300341121826
ALA372 B,0.006491710166855955
SER373 B,2.1115370402818616e-05
PHE374 B,0.002279859045103217
SER375 B,0.005105061691093006
THR376 B,0.000491504132113071
PHE377 B,0.0027546526194214115
LYS378 B,0.00012832903424262948
CYS379 B,0.0034963368258717838
TYR380 B,0.013247437459994356
GLY381 B,0.002624032423145206
VAL382 B,0.01323012208559362
SER383 B,0.01628845657014754
PRO384 B,0.0009148700839096896
THR385 B,0.0007613445417037809
LYS386 B,0.005409971704705571
LEU387 B,0.0033013480049471824
ASN388 B,0.007676863644668342
ASP389 B,0.0009473368748690315
LEU390 B,0.005900504665875109
CYS391 B,0.005731096845047304
PHE392 B,0.0020118196818680613
THR393 B,0.010136617196420164
ASN394 B,0.0010653029046822987
VAL395 B,0.005439595716325866
TYR396 B,0.001274173601120534
ALA397 B,0.0036538159855584364
ASP398 B,0.0012561123187082462
SER399 B,0.002413616519169902
PHE400 B,0.001137394836186293
VAL401 B,0.001805025661177934
ILE402 B,0.0008548269184978479
ARG403 B,0.0006060553483919987
GLY404 B,0.001275328182714525
ASP405 B,0.001985344138196521
GLU406 B,0.0016001977913391726
VAL407 B,0.0024140335018591748
ARG408 B,0.00288249173975805
GLN409 B,0.002234949120338543
ILE410 B,0.004032448685509787
ALA411 B,0.018435458961230146
PRO412 B,0.004763940773407275
GLY413 B,0.01198691828479972
GLN414 B,0.0001849184264401574
THR415 B,0.0054623162065275096
GLY416 B,1.6133734056640145e-05
LYS417 B,0.015767136064444066
ILE418 B,0.0035410335378900366
ALA419 B,0.005779723155249548
ASP420 B,0.0008137107888672037
TYR421 B,0.0011542200482485823
ASN422 B,0.010933117961043798
TYR423 B,0.0073191852914059
LYS424 B,0.0020534969565111543
LEU425 B,0.029784149284995624
PRO426 B,0.0039233067695956594
ASP427 B,0.04077868656050586
ASP428 B,0.00019747285878928708
PHE429 B,0.013243692591317318
THR430 B,0.0009802401759705513
GLY431 B,0.0041977921017027865
CYS432 B,0.00502682231886848
VAL433 B,0.011107864514488284
ILE434 B,0.00322690876633337
ALA435 B,0.0042464777553771855
TRP436 B,0.0026640980701540524
ASN437 B,0.0037996325016251627
SER438 B,0.001714928948216772
ASN439 B,0.0009183485430290778
ASN440 B,0.00016857571530975884
LEU441 B,0.00011970547351217517
ASP442 B,0.00020119612343155724
SER443 B,0.00037227783217790624
LYS444 B,1.4209191389571186e-05
GLY447 B,2.9178716256101555e-06
ASN448 B,0.0005766064451519314
TYR449 B,0.0003243913150305986
ASN450 B,1.1052895339722754e-05
TYR451 B,0.002682513568152427
LEU452 B,0.0012219628998513608
TYR453 B,0.0013180612695439327
ARG454 B,0.003603795944546871
LYS462 B,2.3180783595696638e-07
PRO463 B,0.003615602233869308
PHE464 B,0.02931249002266599
GLU465 B,0.005614418693188641
ARG466 B,0.0019252129248822597
ASP467 B,0.00019669748121201754
ILE468 B,8.502423648562653e-08
TYR489 B,0.0
PHE490 B,5.886293295158759e-08
PRO491 B,0.0006861063464837049
LEU492 B,0.00033355467136215284
GLN493 B,0.0004920299233134639
SER494 B,0.00014261626982976542
TYR495 B,0.000218484710243025
GLY496 B,0.0002716399177692731
PHE497 B,0.0006624562670407777
GLN498 B,0.0008506566687878914
PRO499 B,2.3791174927603167e-05
THR500 B,0.0
ASN501 B,4.805596079687974e-05
VAL503 B,9.14538085777773e-06
GLY504 B,0.000248891397679185
TYR505 B,0.0007448874817304411
GLN506 B,0.001844118226299836
PRO507 B,0.0011408044028083288
TYR508 B,0.002072888501103782
ARG509 B,0.0013086396230982211
VAL510 B,0.0030653424414513767
VAL511 B,0.0032201451199992104
VAL512 B,0.0023159122300530337
LEU513 B,0.0017446047496159247
SER514 B,0.006032176443073602
PHE515 B,0.002360784838718116
GLU516 B,0.001117688639448143
LEU517 B,0.001128496331772598
LEU518 B,0.000437752105449983
HIS519 B,0.005257508386105745
ALA520 B,0.011088000573625854
PRO521 B,0.004649359609700002
ALA522 B,0.004430225818386639
THR523 B,0.002528131500991895
VAL524 B,0.002426413608936471
CYS525 B,0.0035339069482015007
GLY526 B,0.0010208721883995064
PRO527 B,0.0004340686194642247
LYS528 B,0.0004024769245117837
LYS529 B,0.0003373287079583431
SER530 B,0.0007097485500531175
THR531 B,2.170464167887669e-05
ASN532 B,5.384037239082945e-05
LEU533 B,9.827022828717785e-05
VAL534 B,0.00017776511620627204
LYS535 B,0.0004107932925531599
ASN536 B,5.059063832793982e-05
LYS537 B,8.177546110272115e-05
CYS538 B,0.001606023852632224
VAL539 B,0.0018518153517820108
ASN540 B,0.0022964393708408554
PHE541 B,0.0025428267984219616
ASN542 B,0.0015965611931634304
PHE543 B,0.0028924807335907353
ASN544 B,0.0027174460375410784
GLY545 B,0.001682359886547541
LEU546 B,0.0041780784419958895
THR547 B,0.0063553695977249395
GLY548 B,0.0011150624097835055
THR549 B,0.009554030967599221
GLY550 B,0.002468561067060103
VAL551 B,0.003355134153524043
LEU552 B,0.0010296835982816688
THR553 B,0.00038432490427968424
GLU554 B,0.00033337595810561103
SER555 B,0.00027635468588195613
ASN556 B,5.036878264480205e-05
LYS557 B,0.000400207542393103
LYS558 B,0.000548648639044389
PHE559 B,0.001810877617042725
LEU560 B,0.0008366791360441214
PRO561 B,2.9431466475793796e-08
PHE562 B,0.019267803745372115
GLN563 B,0.000746327768990162
GLN564 B,0.010173128541112077
PHE565 B,0.014820948385910745
GLY566 B,0.0024139576295737824
ARG567 B,0.037737811475602207
ASP568 B,0.006527132345434112
ILE569 B,0.013090647932485875
ALA570 B,0.02426200312701519
ASP571 B,0.00820785539903288
THR572 B,0.0022393068516301778
THR573 B,0.0035935122795340475
ASP574 B,0.00637885289055845
ALA575 B,0.0029289644628523073
VAL576 B,0.00957374179571994
ARG577 B,0.0015643543698524562
ASP578 B,0.0010824960252229876
PRO579 B,0.0020880393059719295
GLN580 B,0.00016411319608589168
THR581 B,1.4614224828498254e-05
LEU582 B,0.00010922623095616218
GLU583 B,1.950365010854979e-05
ILE584 B,0.0021983678440593616
LEU585 B,0.0009579907216256334
ASP586 B,0.0015458462783310392
ILE587 B,0.012328574748030193
THR588 B,0.00508183392707469
PRO589 B,0.01721847596719298
CYS590 B,0.007959851325793984
SER591 B,0.009350568957116355
PHE592 B,0.005990667972175921
GLY593 B,0.002669588971618153
GLY594 B,0.027336212069168152
VAL595 B,0.001228922517805925
SER596 B,0.0036227656261486555
VAL597 B,0.017504371884171803
ILE598 B,0.004534780975737062
THR599 B,0.0008046232588868489
PRO600 B,0.001675590654788261
GLY601 B,0.0009995526139464337
THR602 B,0.00031097593682265733
ASN603 B,2.9104494413000318e-05
THR604 B,2.9698237363479294e-07
SER605 B,1.9679329104644072e-05
ASN606 B,6.113680712703992e-05
GLN607 B,0.0005216957065604951
VAL608 B,0.004155605999513481
ALA609 B,0.000428571140578374
VAL610 B,0.00492373419541153
LEU611 B,0.00048413839919165576
TYR612 B,0.004248680608533427
GLN613 B,0.0016675997304457435
ASP614 B,0.009313191120169923
VAL615 B,0.00394709343813188
ASN616 B,0.0010057609975136716
CYS617 B,0.0007120073400341796
THR618 B,0.0
GLU619 B,0.0009419856943015889
VAL620 B,0.0002274978429549525
ASN641 B,4.295135077827864e-05
VAL642 B,0.0008029498578611321
PHE643 B,0.0009889916280492914
GLN644 B,0.00020246499040097466
THR645 B,0.003927794148673256
ARG646 B,0.001247046031883117
ALA647 B,0.003076555815122897
GLY648 B,0.0013269462069507233
CYS649 B,0.0037094207301969187
LEU650 B,0.0032042601222340805
ILE651 B,0.0004323694854225821
GLY652 B,0.000520598750853592
ALA653 B,0.0011795081307493973
GLU654 B,0.0006446410830840141
HIS655 B,0.0003898018912731079
VAL656 B,0.0002585957113039343
ASN657 B,2.0417842037977116e-05
ASN658 B,6.984456104102784e-06
SER659 B,0.000356388400947957
TYR660 B,8.56171230608549e-05
GLU661 B,0.0012195610701498391
CYS662 B,0.007275832600982478
ASP663 B,0.0009712025600045615
ILE664 B,0.005748672039476044
PRO665 B,0.006566207845072061
ILE666 B,0.015249867003130305
GLY667 B,0.008312305322706673
ALA668 B,0.0062083343948811836
GLY669 B,0.015141271986896068
ILE670 B,0.0030756958069543964
CYS671 B,0.0034768585748559
ALA672 B,0.004238610315022731
SER673 B,0.0014733562149842128
TYR674 B,0.0006564863756384319
GLN675 B,4.045537700091621e-05
THR676 B,1.774844625069129e-05
SER689 B,0.0
GLN690 B,1.1948836134783223e-05
SER691 B,0.0009692750769993635
ILE692 B,0.0028482338183400346
ILE693 B,0.0005461936154468868
ALA694 B,0.0016187976650458569
TYR695 B,0.0017260316126969566
THR696 B,0.0023499389274376343
MET697 B,0.0045857868223514505
SER698 B,0.00809608786842888
LEU699 B,0.005356541434289959
GLY700 B,0.0015009453596439204
ALA701 B,0.007230706625206333
GLU702 B,0.00020460081290560577
ASN703 B,0.0065371579217903
SER704 B,0.001340877211043212
VAL705 B,0.0073776666322155
ALA706 B,0.000530219995112417
TYR707 B,0.0007315135651187095
SER708 B,0.0006308230877987142
ASN709 B,0.00020337279095924347
ASN710 B,0.0015118145166750478
SER711 B,0.0011223367187114719
ILE712 B,0.006551429265164853
ALA713 B,0.0015402807286582002
ILE714 B,0.005016741493062897
PRO715 B,0.0006856895161714414
THR716 B,0.0009338654148826284
ASN717 B,0.00027108250169824357
PHE718 B,0.001791687323235824
THR719 B,0.0012511133180763089
ILE720 B,0.0037474739632269304
SER721 B,0.0016483082136315413
VAL722 B,0.005574563182838277
THR723 B,0.0017175395466511164
THR724 B,0.00800556146044513
GLU725 B,0.0038652807806946457
ILE726 B,0.010100326185216736
LEU727 B,0.005179292310439686
PRO728 B,0.018837885647127496
VAL729 B,0.012900729644869493
SER730 B,0.006016223162971764
MET731 B,0.024586855769544735
THR732 B,0.021705773532169185
LYS733 B,0.009616695836047644
THR734 B,0.010523008866885841
SER735 B,0.016550698055718613
VAL736 B,0.005535156056669999
ASP737 B,0.023962748298247433
CYS738 B,0.0024191252830063977
THR739 B,0.008185809139027708
MET740 B,0.0030682951661268366
TYR741 B,0.016252901708951786
ILE742 B,0.0017657989170242923
CYS743 B,0.01831066694082389
GLY744 B,0.0012056342091796288
ASP745 B,0.005228631992776584
SER746 B,0.004421339037028159
THR747 B,0.0007028738652162427
GLU748 B,0.001107387169884659
CYS749 B,0.009146188083150437
SER750 B,0.0029775167400263943
ASN751 B,0.00046237634725011296
LEU752 B,0.019026019704995942
LEU753 B,0.012185605935746958
LEU754 B,0.0005098236061274227
GLN755 B,0.002483590827100623
TYR756 B,0.03003478649907275
GLY757 B,0.01324469952006794
SER758 B,0.007646869609696289
PHE759 B,0.004340798033785935
CYS760 B,0.02147746945265706
THR761 B,0.001214003497910212
GLN762 B,0.0032853995752882654
LEU763 B,0.005686140332334366
ASN764 B,0.01846778291294931
ARG765 B,0.0005041852539031643
ALA766 B,0.004402690194062003
LEU767 B,0.014731976134777919
THR768 B,0.00308636663122645
GLY769 B,0.0006455479708506337
ILE770 B,0.009523842314890419
ALA771 B,0.010518586311113836
VAL772 B,0.002020718383852563
GLU773 B,0.001371488580264031
GLN774 B,0.012304500708725515
ASP775 B,0.012209278305044136
LYS776 B,0.0009485793605485348
ASN777 B,0.004090717487338696
THR778 B,0.013442888106944273
GLN779 B,0.008382377696047097
GLU780 B,0.0010610736514998697
VAL781 B,0.01012374719465822
PHE782 B,0.007182219372640011
ALA783 B,0.006932488785922987
GLN784 B,0.005278212943030467
VAL785 B,0.01371350050579131
LYS786 B,0.0010515836416004586
GLN787 B,0.0011167142663288303
ILE788 B,0.004992697350575792
TYR789 B,0.001029879120020892
LYS790 B,0.0007979539633190945
THR791 B,0.0012078531457875253
PRO792 B,0.0008439287626401077
PRO793 B,0.0
ILE794 B,8.566055175164018e-05
LYS795 B,0.0001389438559582226
ASP796 B,0.00014348025858466117
PHE797 B,0.0009209797459893922
GLY798 B,0.0004579587677523935
GLY799 B,0.0002755906317477272
PHE800 B,0.0005685628611355109
ASN801 B,0.001605398202376263
PHE802 B,0.0011628379421634307
SER803 B,0.0005786527102187401
GLN804 B,0.001441838052008637
ILE805 B,0.0024981801950402817
LEU806 B,0.0016019593164773563
PRO807 B,0.0008104825495747579
ASP808 B,0.00017671596532224104
PRO809 B,5.946527500818255e-06
SER810 B,1.6195969946166678e-06
LYS811 B,7.630127105209414e-06
PRO812 B,0.0
SER813 B,0.00010459496892430998
LYS814 B,0.0025667886497106555
ARG815 B,0.0022007653477196776
SER816 B,0.0007793034664620844
PHE817 B,0.000692398770857763
ILE818 B,0.0013471456066038103
GLU819 B,0.001963984879202107
ASP820 B,0.0006655096116528727
LEU821 B,0.0009041594203997262
LEU822 B,0.0015516921074316679
PHE823 B,0.001528888239983166
ASN824 B,0.0007843519074639711
LYS825 B,0.00041025792517022794
VAL826 B,0.0004063928439364013
THR827 B,0.0036373357470092763
LYS854 B,0.00011535696457490398
PHE855 B,0.00800551023053659
ASN856 B,0.0015933387315296911
GLY857 B,0.0030126151441884404
LEU858 B,0.014292788215160885
THR859 B,0.0017908116364829503
VAL860 B,0.005871657526893785
LEU861 B,0.015725334093741643
PRO862 B,0.0016789954404376104
PRO863 B,0.007629940425988702
LEU864 B,0.005853653964960606
LEU865 B,0.013182810867651473
THR866 B,0.0033655738000785257
ASP867 B,7.71969740411206e-05
GLU868 B,0.005098063743162382
MET869 B,0.011899104394590488
ILE870 B,0.003157346188445356
ALA871 B,0.0039754814442325
GLN872 B,0.0011392762127030581
TYR873 B,0.01030259891204146
THR874 B,0.001663373414185367
SER875 B,0.0013481758581545455
ALA876 B,0.001145830071804268
LEU877 B,0.010283567626793609
LEU878 B,0.0021949463379710246
ALA879 B,0.0014179592817683097
GLY880 B,0.0013056913030464919
THR881 B,0.0019128426404212474
ILE882 B,0.0013307279588737947
THR883 B,0.002361269860257143
SER884 B,0.0012662782951883933
GLY885 B,0.009074074002849845
TRP886 B,0.0013479634409303061
THR887 B,0.00014452191344560414
PHE888 B,0.008647673736179824
GLY889 B,0.008392874261419953
ALA890 B,0.0024115231591050734
GLY891 B,0.003048668983564244
ALA892 B,0.001056178632327337
ALA893 B,0.0015836176868984345
LEU894 B,0.01032943754601062
GLN895 B,0.0038958392649567964
ILE896 B,0.004178517937442755
PRO897 B,0.0014629197524293474
PHE898 B,0.0014089624783934966
ALA899 B,0.00367419687241394
MET900 B,0.002761957705758571
GLN901 B,0.0018781281827829977
MET902 B,0.005990175469940422
ALA903 B,0.004106121153688708
TYR904 B,0.00014348460955931663
ARG905 B,0.00334533590181439
PHE906 B,0.011599324490988962
ASN907 B,0.0005804766201307264
GLY908 B,0.010757357820288572
ILE909 B,0.0032042903848475777
GLY910 B,0.005176042682791215
VAL911 B,0.010373453186092115
THR912 B,0.002516624246529941
GLN913 B,0.009836457561665237
ASN914 B,0.001996037348418565
VAL915 B,0.0006623759386507557
LEU916 B,0.0022889815931318633
TYR917 B,0.002769069264424955
GLU918 B,0.0012158462991064868
ASN919 B,0.00020686198733985316
GLN920 B,0.0006988024244539817
LYS921 B,4.890501935320331e-05
LEU922 B,3.2160919950536434e-05
ILE923 B,0.0019130175200994999
ALA924 B,0.0009081511851952135
ASN925 B,0.00024381384219055558
GLN926 B,0.001011626207804455
PHE927 B,0.0027390857155877284
ASN928 B,0.00048334564730250954
SER929 B,9.627636736583348e-05
ALA930 B,0.0007544654336142474
ILE931 B,0.0007614665965660523
GLY932 B,0.00020556546490800944
LYS933 B,0.00038402843974436014
ILE934 B,0.0021412961926346235
GLN935 B,0.0005633176498159298
ASP936 B,0.0001621398328783404
SER937 B,0.0010397147047817086
LEU938 B,0.0010564202369924489
SER939 B,4.574679276251557e-05
SER940 B,1.8315294525805037e-05
THR941 B,2.920660031726442e-05
ALA942 B,0.0008898915423466905
SER943 B,4.844928154154997e-05
ALA944 B,0.002392213420482922
LEU945 B,0.0013475740207316742
GLY946 B,0.0015391090386880839
LYS947 B,0.004407014766344933
LEU948 B,0.008439933201846826
GLN949 B,0.001886551546607199
ASP950 B,0.0018110477262222552
VAL951 B,0.010687945621758274
VAL952 B,0.011197174782108809
ASN953 B,0.002270064954902432
GLN954 B,0.002710331190911117
ASN955 B,0.03103729493237231
ALA956 B,0.007002398913526883
GLN957 B,0.004072327702519862
ALA958 B,0.00476985897705508
LEU959 B,0.02920783871018758
ASN960 B,0.005685609173121667
THR961 B,0.007065395510695026
LEU962 B,0.007760880050175397
VAL963 B,0.030569216691726575
LYS964 B,0.008533483514273478
GLN965 B,0.017300845920182457
LEU966 B,0.00436114774763253
SER967 B,0.011927565528263328
SER968 B,0.003295688437442584
ASN969 B,0.004409314124563341
PHE970 B,0.004401249114958974
GLY971 B,0.01444077635914433
ALA972 B,9.831215182744366e-05
ILE973 B,0.0009848687641024006
SER974 B,0.003847472279631498
SER975 B,0.0026348965915643173
VAL976 B,0.011604371431700289
LEU977 B,0.007155956206523215
ASN978 B,0.00600684963468368
ASP979 B,0.007491486468716901
ILE980 B,0.013920881752605028
LEU981 B,0.003118200808889798
SER982 B,0.004350289608966972
ARG983 B,0.012879679940571683
LEU984 B,0.010291982436104826
ASP985 B,0.015185496070248614
PRO986 B,0.0026536519827182452
PRO987 B,0.05447155698834325
GLU988 B,0.003714505666768038
ALA989 B,0.011114517317179365
GLU990 B,0.024935510930020777
VAL991 B,0.014493993115701126
GLN992 B,0.008985335686287446
ILE993 B,0.002950518764870986
ASP994 B,0.002682008439189585
ARG995 B,0.014439024976020984
LEU996 B,0.004505291996773101
ILE997 B,0.005237964236161258
THR998 B,0.0010100021259841223
GLY999 B,0.006755396190670177
ARG1000 B,0.009011034012089617
LEU1001 B,0.00500559653787178
GLN1002 B,0.0011337379730423577
SER1003 B,0.008102744372885223
LEU1004 B,0.0024149848198922
GLN1005 B,0.003454949659121279
THR1006 B,0.0019623918294170133
TYR1007 B,0.008229531861677446
VAL1008 B,0.002231767659153568
THR1009 B,0.015092271630306735
GLN1010 B,0.0016711148284338129
GLN1011 B,0.007916902118168123
LEU1012 B,0.014761574830455398
ILE1013 B,0.015553225974268543
ARG1014 B,0.0011928149709416677
ALA1015 B,0.006112896193852621
ALA1016 B,0.010079911570846716
GLU1017 B,0.01145821354556913
ILE1018 B,0.004693072094090652
ARG1019 B,0.008316204960759552
ALA1020 B,0.0022999770760862926
SER1021 B,0.005413393475993007
ALA1022 B,0.00409598175721612
ASN1023 B,0.0033404709334079784
LEU1024 B,0.0023809590861326867
ALA1025 B,0.019478468761921035
ALA1026 B,0.004206547683459802
THR1027 B,0.017638553459910576
LYS1028 B,0.014233418042386778
MET1029 B,0.007499283565055102
SER1030 B,0.009269730200962868
GLU1031 B,0.008405067503531507
CYS1032 B,0.002275282907799659
VAL1033 B,0.007185206245456833
LEU1034 B,0.010801788543165528
GLY1035 B,0.0063849998757617675
GLN1036 B,0.012787179819007132
SER1037 B,0.01640352174876046
LYS1038 B,0.0012017955793047733
ARG1039 B,0.0028236973674098513
VAL1040 B,0.009026039105197902
ASP1041 B,0.002621615662680862
PHE1042 B,0.02505266514615054
CYS1043 B,0.0044241740264524725
GLY1044 B,0.005291593297426897
LYS1045 B,0.0025079607929570946
GLY1046 B,0.0022559317124523437
TYR1047 B,0.0021180684732566997
HIS1048 B,0.0021185038749850955
LEU1049 B,0.02213799551161736
MET1050 B,0.0018915225499432768
SER1051 B,0.007583993786442025
PHE1052 B,0.003111216060332842
PRO1053 B,0.008105253159632432
GLN1054 B,0.005883644871843566
SER1055 B,0.0020721962884892196
ALA1056 B,0.0036527757861937187
PRO1057 B,0.00040325566154100745
HIS1058 B,0.01684395294571065
GLY1059 B,0.001503128104372635
VAL1060 B,0.01666721600107512
VAL1061 B,0.0013689960136671984
PHE1062 B,0.009318219325637122
LEU1063 B,0.0031309663478057722
HIS1064 B,0.009092593374295188
VAL1065 B,0.0028314828446679295
THR1066 B,0.0025131838924317405
TYR1067 B,0.002682224798584402
VAL1068 B,0.001613792859758367
PRO1069 B,0.0044250210625518946
ALA1070 B,0.0005379518876744962
GLN1071 B,0.00013100984900935565
GLU1072 B,0.0004164736330844347
LYS1073 B,0.00021614435424747563
ASN1074 B,0.000171959377960106
PHE1075 B,0.0016295337813166005
THR1076 B,0.0007870501016047468
THR1077 B,0.000957969819956573
ALA1078 B,0.0019596052054062173
PRO1079 B,0.006853175031151016
ALA1080 B,0.0007309889616260891
ILE1081 B,0.0021084994417571484
CYS1082 B,0.00042840066546806515
HIS1083 B,0.00020155593455815367
ASP1084 B,0.0
GLY1085 B,3.223764938407875e-06
LYS1086 B,0.00038081261079019507
ALA1087 B,0.0008392208372980564
HIS1088 B,0.00039438667233666636
PHE1089 B,0.009593865524995476
PRO1090 B,0.0008454993651718441
ARG1091 B,0.00023013824560932586
GLU1092 B,0.003291330326284761
GLY1093 B,0.0006332613733320385
VAL1094 B,0.004070655258332607
PHE1095 B,0.0008440160420717494
VAL1096 B,0.0036935006387654105
SER1097 B,0.0004682404855457223
ASN1098 B,0.0003272372532534087
GLY1099 B,0.0001091195319724911
THR1100 B,4.709034636127008e-08
HIS1101 B,3.4476701091310258e-06
TRP1102 B,0.0012380996940896164
PHE1103 B,0.0007879598260329678
VAL1104 B,0.003930463102552004
THR1105 B,0.0009624956044215713
GLN1106 B,0.009164065113724364
ARG1107 B,0.005966922027759346
ASN1108 B,0.0010925319567744293
PHE1109 B,0.0020750438468626867
TYR1110 B,0.0005440244537089218
GLU1111 B,0.00040364059297413483
PRO1112 B,0.0011493241982071982
GLN1113 B,8.860178897244189e-05
ILE1114 B,0.0013497756486075846
ILE1115 B,0.0017125970790772965
THR1116 B,0.0021601632481422508
THR1117 B,0.0027413935829309027
ASP1118 B,0.0005773135275711902
ASN1119 B,0.001195132752154405
THR1120 B,0.004761918016266058
PHE1121 B,0.001688656841913078
VAL1122 B,0.0002458980749127082
SER1123 B,0.0010959366158064879
GLY1124 B,0.0002026372082327115
ASN1125 B,5.010097851818795e-05
CYS1126 B,4.5585864284422e-05
ASP1127 B,0.0
VAL1128 B,0.0003536051537993513
VAL1129 B,0.0014721287759849417
ILE1130 B,4.248520338175395e-05
GLY1131 B,3.781716772078289e-05
ILE1132 B,0.0008820870483226571
VAL1133 B,9.760180970523846e-05
ASN1134 B,2.8609612449236825e-06
ASN1135 B,0.00022970319713012396
THR1136 B,0.0002079982471202933
VAL1137 B,0.0002960151291855339
TYR1138 B,0.00060123293863987
ASP1139 B,0.00180770279218261
PRO1140 B,0.0030594497661334025
LEU1141 B,0.0003499595063618794
GLN1142 B,0.0009794285873434693
PRO1143 B,0.000727424852732862
GLU1144 B,0.00043333675091219336
LEU1145 B,0.0011823428563327014
ASP1146 B,1.3734684355370436e-07
SER1147 B,1.4841017506449971e-05
ALA27 C,5.7690579851490396e-05
TYR28 C,2.9344898197455453e-06
THR29 C,0.0016959681889556675
ASN30 C,0.00023105689047090536
SER31 C,0.008084002793331276
PHE32 C,0.0006281016752641138
THR33 C,0.000954576802628099
ARG34 C,0.0018799810262569126
GLY35 C,0.00461803495602033
VAL36 C,0.003008336858091463
TYR37 C,0.0020295861027524262
TYR38 C,0.013220023057151
PRO39 C,0.005418483307057832
ASP40 C,0.0028370480993600644
LYS41 C,0.01754702903880706
VAL42 C,0.00963511162463647
PHE43 C,0.009815138912187223
ARG44 C,0.014070484583843738
SER45 C,0.000510375422399316
SER46 C,0.0035731989379436824
VAL47 C,0.0007511956988318801
LEU48 C,0.00651162839649191
HIS49 C,0.0003384213948232811
SER50 C,0.0004172533489149476
THR51 C,0.0011763130861326267
GLN52 C,0.00020380318830864286
ASP53 C,0.0027986064882198347
LEU54 C,0.002040957048190615
PHE55 C,0.0006662326330542733
LEU56 C,0.0038234073817094492
PRO57 C,0.014821583168775933
PHE58 C,0.013604108706979985
PHE59 C,0.0005613789205661576
SER60 C,0.0017103450694181536
ASN61 C,0.00040362419800147475
VAL62 C,0.0022570983293068946
THR63 C,0.00039161982102945656
TRP64 C,0.0008482088105157494
PHE65 C,0.0007787659469157122
HIS66 C,0.00038158639030592956
ALA67 C,0.0007091914255461992
ILE68 C,0.0
HIS69 C,0.0
ASP80 C,3.914948870344568e-05
ASN81 C,4.084160049069697e-06
PRO82 C,0.00017814436744587874
VAL83 C,0.00020621736646277115
LEU84 C,0.0007668418725080523
PRO85 C,0.00011327803187897748
PHE86 C,0.007163750720991503
ASN87 C,0.0020434690044972554
ASP88 C,0.004372217152140853
GLY89 C,0.00817894002769229
VAL90 C,0.0018349944285974702
TYR91 C,0.00324051381208324
PHE92 C,0.0022165897094168323
ALA93 C,0.0007076295558038552
SER94 C,0.007083322515760037
THR95 C,0.0034514142751520638
GLU96 C,0.00280645942621938
LYS97 C,0.00045512518105324734
SER98 C,0.0
ASN99 C,0.0004991383041521904
ILE100 C,0.001142807641233356
ILE101 C,0.005389763486532756
ARG102 C,0.0007194623798054622
GLY103 C,0.0015630179729296488
TRP104 C,0.0014155837088410076
ILE105 C,0.00359676775355773
PHE106 C,0.0015185023838497063
GLY107 C,0.005983910210208074
THR108 C,0.001758314931370378
THR109 C,0.001006236211028803
LEU110 C,0.0016962642246979352
ASP111 C,0.00043707583288588487
SER112 C,0.000340541050818125
LYS113 C,3.8274046695753235e-05
THR114 C,0.00026111823381295767
GLN115 C,0.001954172186541932
SER116 C,0.0028076603514135367
LEU117 C,0.000599966425947922
LEU118 C,0.0012253340260042005
ILE119 C,0.0006483102485321734
VAL120 C,0.0003825635798524819
ASN121 C,0.0010648188331652032
ASN122 C,8.699936162780485e-05
ALA123 C,0.0
THR124 C,2.7858226495353765e-06
ASN125 C,8.624705757695783e-05
VAL126 C,0.00048223302469463977
VAL127 C,0.0007239806971186884
ILE128 C,0.001409788814346779
LYS129 C,0.00024362488894338978
VAL130 C,0.0041788248218326066
CYS131 C,3.565663899200115e-05
GLU132 C,0.0004292598871550167
PHE133 C,0.0006081221687451352
GLN134 C,0.00015403615418404636
PHE135 C,0.0011619726577376036
CYS136 C,3.4655670801660854e-05
ASN137 C,0.0
ASP138 C,2.8548566533441674e-06
PRO139 C,0.00026783568448698495
PHE140 C,0.000525745758532898
LEU141 C,0.00015071263592180938
GLY142 C,1.297640293627019e-06
VAL143 C,6.126501627607662e-07
ASN165 C,6.661202592865755e-07
CYS166 C,5.8206696931024496e-06
THR167 C,0.0015337156903470755
PHE168 C,0.003964335061332624
GLU169 C,0.0007194419490800007
TYR170 C,0.001166274056366969
VAL171 C,0.00017049443320965067
SER172 C,0.00013334840030409118
PHE186 C,0.00016556758546473492
LYS187 C,0.00014189751466104535
ASN188 C,0.0006554448703987805
LEU189 C,0.0009484670503414823
ARG190 C,0.005119387878581728
GLU191 C,0.007732447607026135
PHE192 C,0.0013793063118262775
VAL193 C,0.002960124157453884
PHE194 C,0.003294287281875921
LYS195 C,0.001600863318743795
ASN196 C,0.01190538733582864
ILE197 C,0.00026672863791635736
ASP198 C,0.006768509547773019
GLY199 C,0.025029893217530373
TYR200 C,0.004421520077478617
PHE201 C,0.004207949041260571
LYS202 C,0.005832508808081926
ILE203 C,0.0026485404180498135
TYR204 C,0.0008350254016503798
SER205 C,0.005657775624879166
LYS206 C,0.003458078473189926
HIS207 C,0.0010166694323652803
THR208 C,0.0006774202758669266
PRO209 C,0.00011837001987819949
ILE210 C,0.00022177694626143948
ASN211 C,1.0092470304070776e-06
LEU212 C,0.0004337607296914448
VAL213 C,8.292894753952125e-05
ARG214 C,0.0
ASP215 C,0.00020400984327103149
LEU216 C,0.004395425512945006
PRO217 C,0.0005069288642050995
GLN218 C,0.0004860816151076744
GLY219 C,0.0011523752919005532
PHE220 C,0.0009222936176622839
SER221 C,0.0015688673731467197
ALA222 C,0.0026337603592716126
LEU223 C,0.00836714505560771
GLU224 C,0.005207902737848956
PRO225 C,0.009638725220311457
LEU226 C,0.005152772174752969
VAL227 C,0.0007235253920401348
ASP228 C,0.0019533384805665195
LEU229 C,0.0012874542403266452
PRO230 C,0.00037006508796782886
ILE231 C,0.011871524799023791
GLY232 C,0.005376844421559854
ILE233 C,0.00755190486850683
ASN234 C,0.00632708080070482
ILE235 C,0.003901027277265929
THR236 C,0.001747316045808309
ARG237 C,0.0030286749079001213
PHE238 C,0.004421233402725113
GLN239 C,0.0005834142653657917
THR240 C,0.0009695854474494154
LEU241 C,0.002922285443610061
LEU242 C,0.0006117160538485065
ALA243 C,0.002111737941916145
LEU244 C,8.944609624959468e-05
HIS245 C,7.848391060211678e-08
ALA263 C,0.0018246923345902044
ALA264 C,0.0007580899399653294
TYR265 C,0.0008431347329542525
TYR266 C,0.002112373288950033
VAL267 C,0.0004155982238735816
GLY268 C,0.0014371515144392486
TYR269 C,0.003818624474603835
LEU270 C,0.00547331985602878
GLN271 C,0.00858868113820818
PRO272 C,0.00012510811864805616
ARG273 C,0.007502977362575391
THR274 C,0.0014136501745848618
PHE275 C,0.0011870160832813388
LEU276 C,0.001310515602508997
LEU277 C,0.0012749842844834785
LYS278 C,0.0006055618006332638
TYR279 C,0.00920398347159112
ASN280 C,4.1150644456003534e-05
GLU281 C,1.2089504712100885e-06
ASN282 C,0.0006710636439390995
GLY283 C,0.002549424912135807
THR284 C,0.0004630420027112535
ILE285 C,0.002728028920518328
THR286 C,0.001469264440481809
ASP287 C,0.0012842507104257666
ALA288 C,0.001654756033863279
VAL289 C,0.001507365740785662
ASP290 C,0.009283434196140205
CYS291 C,0.0023287856072230044
ALA292 C,0.006478673542170954
LEU293 C,0.022947055076287463
ASP294 C,9.097934337832963e-05
PRO295 C,0.02286584517737422
LEU296 C,0.0013159824020947076
SER297 C,0.0005225828345164202
GLU298 C,0.020355395990476446
THR299 C,0.0031617121284343405
LYS300 C,0.0018782839622596052
CYS301 C,0.0024013796170222336
THR302 C,0.0016974695292777293
LEU303 C,2.534357438472538e-05
LYS304 C,0.0009647588255621753
SER305 C,0.005083766939223349
PHE306 C,0.00028340282059304575
THR307 C,0.0012022286595553978
VAL308 C,0.004423829850654638
GLU309 C,0.0002758261005253482
LYS310 C,0.003982910679589142
GLY311 C,0.0022409273094913867
ILE312 C,0.01894699775759291
TYR313 C,0.0005386292399444801
GLN314 C,0.002543394570140186
THR315 C,0.011141877517865918
SER316 C,0.013020684114417145
ASN317 C,0.0025200852454696555
PHE318 C,0.008713675599610829
ARG319 C,0.002441043865140815
VAL320 C,0.003876648789142269
GLN321 C,0.0007916818539160844
PRO322 C,0.0020529004817428503
THR323 C,2.5701601432607984e-05
GLU324 C,7.023594176476144e-05
SER325 C,0.0006665895345194388
ILE326 C,0.0017656707232712428
VAL327 C,0.0013152630072859215
ARG328 C,0.0013932020287077402
PHE329 C,0.0009459281936960864
PRO330 C,0.0005477903633994776
ASN331 C,0.0002815215701388836
ILE332 C,8.496653831554257e-05
THR333 C,0.0001813953445833546
ASN334 C,1.2866048698711097e-06
LEU335 C,0.0006088060078367314
CYS336 C,0.0014829223906504443
PRO337 C,0.0007630765885986114
PHE338 C,0.0004259689791907749
GLY339 C,4.127430220515596e-05
GLU340 C,7.503774722090986e-05
VAL341 C,0.0017936268264543201
PHE342 C,0.0005850227353616612
ASN343 C,9.409880489633856e-05
ALA344 C,0.00014104913086702923
THR345 C,1.6430606853710302e-05
ARG346 C,3.0401362288687784e-05
PHE347 C,0.0007974870455677694
ALA348 C,0.0010412250178020589
SER349 C,0.0007812772052999476
VAL350 C,0.0054920021140251124
TYR351 C,0.0016671843196037514
ALA352 C,0.0005190935763632321
TRP353 C,0.001244598431575202
ASN354 C,0.0005782333652211859
ARG355 C,0.00036173362126868357
LYS356 C,0.00016314067751599062
ARG357 C,0.0002773917587699698
ILE358 C,0.0018431890630884443
SER359 C,0.0006942892605795364
ASN360 C,0.00021863994457349304
CYS361 C,0.0009273894111820565
VAL362 C,0.0008891367137013133
ALA363 C,0.0004272867879535737
ASP364 C,0.0022946196446339533
TYR365 C,0.0011408341715080082
SER366 C,0.006796354940585785
VAL367 C,0.001169154252947468
LEU368 C,0.0009712823012740659
TYR369 C,0.0010866200119730982
ASN370 C,0.015560308745180997
SER371 C,0.0003204430034112179
ALA372 C,0.006491734673584492
SER373 C,2.1115370402818616e-05
PHE374 C,0.002279874025034324
SER375 C,0.005105070583238423
THR376 C,0.0004915074896069182
PHE377 C,0.002754675923092192
LYS378 C,0.00012832912973375528
CYS379 C,0.0034963313646693877
TYR380 C,0.01324795576195732
GLY381 C,0.002624225174031151
VAL382 C,0.013230243524930938
SER383 C,0.01628908603140317
PRO384 C,0.0009148716731925581
THR385 C,0.0007613400269548706
LYS386 C,0.005409934998017055
LEU387 C,0.0033013165577940214
ASN388 C,0.007676291523176376
ASP389 C,0.0009473343304670077
LEU390 C,0.005900428892850031
CYS391 C,0.0057307524554625015
PHE392 C,0.0020118116581711695
THR393 C,0.010136313754120758
ASN394 C,0.0010652795939764337
VAL395 C,0.005439510825823195
TYR396 C,0.001274156236505905
ALA397 C,0.0036537903509599665
ASP398 C,0.0012561179706216746
SER399 C,0.002413652372300813
PHE400 C,0.0011374112619383342
VAL401 C,0.00180502380094491
ILE402 C,0.0008548270670632225
ARG403 C,0.0006060554663928544
GLY404 C,0.0012753283131651983
ASP405 C,0.0019853446459847717
GLU406 C,0.0016001987483714032
VAL407 C,0.002414050874351474
ARG408 C,0.0028824927475156275
GLN409 C,0.00223495012527845
ILE410 C,0.004032497156161587
ALA411 C,0.01843555639782939
PRO412 C,0.0047641607059269045
GLY413 C,0.011986916331307046
GLN414 C,0.00018491766458361773
THR415 C,0.005462316069330049
GLY416 C,1.6133507153188988e-05
LYS417 C,0.015767198087254318
ILE418 C,0.0035410242731481823
ALA419 C,0.005779516518756036
ASP420 C,0.0008135878040493932
TYR421 C,0.001154090248280768
ASN422 C,0.010933583010031432
TYR423 C,0.007318999887002516
LYS424 C,0.0020532482168352157
LEU425 C,0.029786870422677667
PRO426 C,0.00392364730587436
ASP427 C,0.040780981294354965
ASP428 C,0.0001974837908339927
PHE429 C,0.01324412205019484
THR430 C,0.0009802426115843625
GLY431 C,0.004197812204845417
CYS432 C,0.005026818410616307
VAL433 C,0.011107904370472536
ILE434 C,0.003226899180644983
ALA435 C,0.004246493668134341
TRP436 C,0.0026640989385773805
ASN437 C,0.003799630322271344
SER438 C,0.0017149290875364983
ASN439 C,0.0009183486865778978
ASN440 C,0.00016857571455377538
LEU441 C,0.00011970547351217457
ASP442 C,0.00020119607877563627
SER443 C,0.00037227758534914303
LYS444 C,1.4209059283330634e-05
GLY447 C,2.9178716256101555e-06
ASN448 C,0.0005766057460486082
TYR449 C,0.00032439198078161043
ASN450 C,1.1052895339722754e-05
TYR451 C,0.002682511729697044
LEU452 C,0.0012219613623770452
TYR453 C,0.0013180516708865913
ARG454 C,0.003603794919396005
LYS462 C,2.3180783595696635e-07
PRO463 C,0.003610223008786931
PHE464 C,0.029320693905705835
GLU465 C,0.005614923252688949
ARG466 C,0.001925326653707258
ASP467 C,0.00019668826689687058
ILE468 C,8.502423648562653e-08
TYR489 C,0.0
PHE490 C,5.886293295158759e-08
PRO491 C,0.0006861063464837049
LEU492 C,0.00033355543004425344
GLN493 C,0.0004920279737031351
SER494 C,0.0001426134608448679
TYR495 C,0.00021848209143717235
GLY496 C,0.0002716389446493821
PHE497 C,0.0006624534791958807
GLN498 C,0.0008506565807466263
PRO499 C,2.379117492760317e-05
THR500 C,0.0
ASN501 C,4.8055960796879435e-05
VAL503 C,9.145401553263393e-06
GLY504 C,0.0002488915097514379
TYR505 C,0.0007448875620118227
GLN506 C,0.0018441173361389053
PRO507 C,0.0011408030924023238
TYR508 C,0.002072890627994004
ARG509 C,0.001308644106898667
VAL510 C,0.0030653458853612363
VAL511 C,0.0032201394977984256
VAL512 C,0.002315912004786003
LEU513 C,0.0017445706294300172
SER514 C,0.006032147931881201
PHE515 C,0.0023607307589251676
GLU516 C,0.001117670455805125
LEU517 C,0.0011284926086128474
LEU518 C,0.0004377492844072498
HIS519 C,0.005257514102820062
ALA520 C,0.011087513619374842
PRO521 C,0.0046489286262951695
ALA522 C,0.0044300199750166875
THR523 C,0.0025279457244389504
VAL524 C,0.0024264041844605727
CYS525 C,0.0035337174013258398
GLY526 C,0.0010208706323227767
PRO527 C,0.0004340511374031907
LYS528 C,0.00040245408974451673
LYS529 C,0.0003373151370904554
SER530 C,0.0007097506399349469
THR531 C,2.17029468868856e-05
ASN532 C,5.384053120709555e-05
LEU533 C,9.827022828717771e-05
VAL534 C,0.00017776511620627228
LYS535 C,0.0004108017234183022
ASN536 C,5.059074736900561e-05
LYS537 C,8.177628743533658e-05
CYS538 C,0.0016060568275027237
VAL539 C,0.0018518347452355594
ASN540 C,0.002296471258245385
PHE541 C,0.00254283172978244
ASN542 C,0.0015965768797725362
PHE543 C,0.0028923367745910806
ASN544 C,0.0027173343300729118
GLY545 C,0.0016823561166702874
LEU546 C,0.0041779292633592315
THR547 C,0.006355293080145734
GLY548 C,0.0011150622303075313
THR549 C,0.009554021851194326
GLY550 C,0.0024685741853421425
VAL551 C,0.0033551378955078317
LEU552 C,0.0010296950553941506
THR553 C,0.0003843269691158717
GLU554 C,0.0003333782053150829
SER555 C,0.0002763598672869779
ASN556 C,5.036890108466195e-05
LYS557 C,0.00040021374621784073
LYS558 C,0.0005486520607816058
PHE559 C,0.0018107874906085823
LEU560 C,0.000836598928054402
PRO561 C,2.9431466475793796e-08
PHE562 C,0.019267160013093764
GLN563 C,0.0007463207331931156
GLN564 C,0.010173625046418515
PHE565 C,0.014819898974488021
GLY566 C,0.0024138921935041545
ARG567 C,0.03773638999734734
ASP568 C,0.006526969066021332
ILE569 C,0.013090462235791769
ALA570 C,0.02426104012560785
ASP571 C,0.008207262100175854
THR572 C,0.002239249412265675
THR573 C,0.0035933100444556897
ASP574 C,0.0063786054121928925
ALA575 C,0.0029288965339598285
VAL576 C,0.0095743984331691
ARG577 C,0.0015643548218765883
ASP578 C,0.0010824988313484795
PRO579 C,0.0020879162973004213
GLN580 C,0.00016411375754958469
THR581 C,1.4614224828498252e-05
LEU582 C,0.00010922617791479473
GLU583 C,1.9503650108549818e-05
ILE584 C,0.002198380735941458
LEU585 C,0.0009580079336967347
ASP586 C,0.0015458550179350925
ILE587 C,0.01232915835794296
THR588 C,0.005081678247180048
PRO589 C,0.017219071228713682
CYS590 C,0.00795973170539738
SER591 C,0.009351045462152778
PHE592 C,0.005990583844804368
GLY593 C,0.0026696178176502483
GLY594 C,0.027336589551153027
VAL595 C,0.001228938309643668
SER596 C,0.0036227574235659296
VAL597 C,0.01750446669162821
ILE598 C,0.004534777206490529
THR599 C,0.0008046294518373059
PRO600 C,0.0016755899254062346
GLY601 C,0.0009995528946847698
THR602 C,0.00031097593682265684
ASN603 C,2.910449441300038e-05
THR604 C,2.9698237363479294e-07
SER605 C,1.967918873547674e-05
ASN606 C,6.113680712703999e-05
GLN607 C,0.0005216957065604963
VAL608 C,0.00415560613959929
ALA609 C,0.0004285714499307479
VAL610 C,0.004923760380820096
LEU611 C,0.00048413874571590776
TYR612 C,0.004248693917755471
GLN613 C,0.0016676060905589233
ASP614 C,0.009313267316770256
VAL615 C,0.003947187690315807
ASN616 C,0.0010057609975136733
CYS617 C,0.0007120078385736353
THR618 C,0.0
GLU619 C,0.0009419859435713232
VAL620 C,0.00022749784295495284
ASN641 C,4.295135077827865e-05
VAL642 C,0.0008029506056703201
PHE643 C,0.0009889919980671977
GLN644 C,0.00020246499040097536
THR645 C,0.0039278876233539
ARG646 C,0.0012470516121874673
ALA647 C,0.0030765680373197692
GLY648 C,0.0013269902786047672
CYS649 C,0.003709465588680812
LEU650 C,0.003204273241837297
ILE651 C,0.0004323697277141702
GLY652 C,0.0005205988257392566
ALA653 C,0.0011795083490192422
GLU654 C,0.0006446414557749739
HIS655 C,0.0003898020718707707
VAL656 C,0.0002585957560994171
ASN657 C,2.0417846072093805e-05
ASN658 C,6.984456104102775e-06
SER659 C,0.0003563884009479572
TYR660 C,8.561712306085495e-05
GLU661 C,0.001219564726657205
CYS662 C,0.00727582905284314
ASP663 C,0.00097120133370125
ILE664 C,0.005748670135168295
PRO665 C,0.0065662388878036755
ILE666 C,0.015249921344746252
GLY667 C,0.008312323518121128
ALA668 C,0.006208374091152643
GLY669 C,0.015141291358273905
ILE670 C,0.003075772743950227
CYS671 C,0.003476858574855905
ALA672 C,0.004238608754461324
SER673 C,0.0014733561833793348
TYR674 C,0.0006564862619063672
GLN675 C,4.0455377000916106e-05
THR676 C,1.7748446250691297e-05
SER689 C,0.0
GLN690 C,1.1948836134783223e-05
SER691 C,0.0009692752197701437
ILE692 C,0.0028482337693287833
ILE693 C,0.0005461936670242888
ALA694 C,0.0016187976650458586
TYR695 C,0.0017260316941467085
THR696 C,0.0023499494837667984
MET697 C,0.004585852878346799
SER698 C,0.008096095175711634
LEU699 C,0.005356586281893731
GLY700 C,0.0015009483076168543
ALA701 C,0.0072307091558116016
GLU702 C,0.00020460081290560553
ASN703 C,0.006537157921790317
SER704 C,0.001340881014155131
VAL705 C,0.007377665887967194
ALA706 C,0.0005302199951124184
TYR707 C,0.0007315135651187083
SER708 C,0.0006308230877987137
ASN709 C,0.00020337279095924315
ASN710 C,0.0015118145166750526
SER711 C,0.0011223367187114751
ILE712 C,0.006551429265164901
ALA713 C,0.0015402807286581874
ILE714 C,0.005016741493062849
PRO715 C,0.0006856895161714421
THR716 C,0.0009338654148826352
ASN717 C,0.00027108250169824227
PHE718 C,0.0017916873232358352
THR719 C,0.0012511133180763108
ILE720 C,0.003747473956751487
SER721 C,0.0016483082049976088
VAL722 C,0.005574563017491583
THR723 C,0.0017175394649305848
THR724 C,0.008005561344540318
GLU725 C,0.003865280724306724
ILE726 C,0.010100326074431827
LEU727 C,0.005179286831460569
PRO728 C,0.018837886233351406
VAL729 C,0.012900752458377943
SER730 C,0.0060162445487528
MET731 C,0.024586814680210706
THR732 C,0.02170594174948813
LYS733 C,0.009616631379692483
THR734 C,0.010522995055133532
SER735 C,0.016550830406062554
VAL736 C,0.005535171543654784
ASP737 C,0.023963046429828345
CYS738 C,0.0024191638344493063
THR739 C,0.008186116264473315
MET740 C,0.0030682978308320128
TYR741 C,0.016252917803677984
ILE742 C,0.0017657946323261194
CYS743 C,0.018310971457231377
GLY744 C,0.001205634222360051
ASP745 C,0.005228823944889447
SER746 C,0.004421686542766573
THR747 C,0.0007029416046682731
GLU748 C,0.001107475697184205
CYS749 C,0.009146356842594579
SER750 C,0.0029777296103701226
ASN751 C,0.00046241405838032794
LEU752 C,0.019026404593554078
LEU753 C,0.012186366214650841
LEU754 C,0.0005098434047936529
GLN755 C,0.002483772250799559
TYR756 C,0.030035685007738858
GLY757 C,0.013245224800656888
SER758 C,0.007646863013780089
PHE759 C,0.004340906355405353
CYS760 C,0.021478328348089253
THR761 C,0.0012139847637564097
GLN762 C,0.0032854185109453997
LEU763 C,0.005686344297738852
ASN764 C,0.018468265414300824
ARG765 C,0.0005041911514771345
ALA766 C,0.004402758924963284
LEU767 C,0.014731973058880823
THR768 C,0.00308646975635906
GLY769 C,0.0006455595140829071
ILE770 C,0.009523621751623815
ALA771 C,0.01051873878923911
VAL772 C,0.0020207691190737473
GLU773 C,0.0013714899275728127
GLN774 C,0.012304482170503598
ASP775 C,0.012209397306433084
LYS776 C,0.0009486055685318832
ASN777 C,0.004090721526274181
THR778 C,0.013442951325535675
GLN779 C,0.008382444303662258
GLU780 C,0.0010610829989948613
VAL781 C,0.010123761856781826
PHE782 C,0.007182255530509269
ALA783 C,0.006932571970313372
GLN784 C,0.005278203620057069
VAL785 C,0.013713487173819632
LYS786 C,0.0010515960692602285
GLN787 C,0.0011167134856055604
ILE788 C,0.004992701910271165
TYR789 C,0.001029874721762737
LYS790 C,0.0007979562208722328
THR791 C,0.0012078531457875162
PRO792 C,0.000843928762640109
PRO793 C,0.0
ILE794 C,8.566055175164036e-05
LYS795 C,0.0001389438559582226
ASP796 C,0.00014348025858466074
PHE797 C,0.0009209797459893924
GLY798 C,0.0004579587677523938
GLY799 C,0.00027559063174772557
PHE800 C,0.0005685628611355073
ASN801 C,0.0016053982023762643
PHE802 C,0.0011628379421634244
SER803 C,0.0005786527102187414
GLN804 C,0.0014418380520086346
ILE805 C,0.0024981776769369504
LEU806 C,0.001601960897295658
PRO807 C,0.0008104874213118162
ASP808 C,0.00017671851350362363
PRO809 C,5.946527500818264e-06
SER810 C,1.6195969946166663e-06
LYS811 C,7.630726354710235e-06
PRO812 C,0.0
SER813 C,0.00010459496892430956
LYS814 C,0.002566791452897638
ARG815 C,0.0022007797975031394
SER816 C,0.000779309387949054
PHE817 C,0.0006924019447344645
ILE818 C,0.0013471422877250835
GLU819 C,0.0019639784292394937
ASP820 C,0.000665514286084285
LEU821 C,0.0009041616617632293
LEU822 C,0.0015516950730365556
PHE823 C,0.0015288932005315444
ASN824 C,0.0007843535011191093
LYS825 C,0.0004102581966591966
VAL826 C,0.00040639241379685165
THR827 C,0.0036373410132500843
LYS854 C,0.00011536415073420871
PHE855 C,0.008005399041610703
ASN856 C,0.0015933915763539277
GLY857 C,0.003012626600210854
LEU858 C,0.0142927473023861
THR859 C,0.0017908108000070976
VAL860 C,0.005871666557706814
LEU861 C,0.015725242515657364
PRO862 C,0.0016789577563641515
PRO863 C,0.007629936761358029
LEU864 C,0.0058536318921060876
LEU865 C,0.013182855568159166
THR866 C,0.0033655785854147494
ASP867 C,7.719814948929375e-05
GLU868 C,0.005098075130826615
MET869 C,0.011899132182076123
ILE870 C,0.003157362904029577
ALA871 C,0.00397549318352019
GLN872 C,0.0011392923342577377
TYR873 C,0.010302636677166908
THR874 C,0.0016633814721931743
SER875 C,0.001348181554755358
ALA876 C,0.0011458374850721565
LEU877 C,0.010283540532541874
LEU878 C,0.0021949477075949853
ALA879 C,0.0014179582924379373
GLY880 C,0.00130568570062003
THR881 C,0.0019128417867366758
ILE882 C,0.0013307279588737856
THR883 C,0.002361269860257157
SER884 C,0.00126627829518839
GLY885 C,0.009074073832837162
TRP886 C,0.001347960905693693
THR887 C,0.0001445219134456036
PHE888 C,0.008647672397527612
GLY889 C,0.008392803569032149
ALA890 C,0.002411522125747454
GLY891 C,0.003048666866066
ALA892 C,0.0010561786298013537
ALA893 C,0.0015836112180290386
LEU894 C,0.010329437543999844
GLN895 C,0.0038958400662672935
ILE896 C,0.00417851793744276
PRO897 C,0.0014629197524293508
PHE898 C,0.001408962478393496
ALA899 C,0.003674196872413941
MET900 C,0.002761957705758593
GLN901 C,0.0018781281827829992
MET902 C,0.005990175469940442
ALA903 C,0.0041061211536887
TYR904 C,0.0001434846095593165
ARG905 C,0.0033453359018143867
PHE906 C,0.011599324490988988
ASN907 C,0.0005804766201307247
GLY908 C,0.0107573578202886
ILE909 C,0.0032042903848475608
GLY910 C,0.0051760426827911895
VAL911 C,0.010373453186092178
THR912 C,0.0025166242465299365
GLN913 C,0.00983645756166525
ASN914 C,0.0019960373484185566
VAL915 C,0.0006623759386507564
LEU916 C,0.002288981593131857
TYR917 C,0.002769069264424958
GLU918 C,0.0012158462991064998
ASN919 C,0.00020686198733985324
GLN920 C,0.0006988024244539802
LYS921 C,4.8905019353203224e-05
LEU922 C,3.216091995053647e-05
ILE923 C,0.0019130175200995137
ALA924 C,0.0009081511851952211
ASN925 C,0.0002438138421905558
GLN926 C,0.0010116262078044601
PHE927 C,0.0027390857155876937
ASN928 C,0.00048334564730250976
SER929 C,9.627636736583382e-05
ALA930 C,0.0007544654033954566
ILE931 C,0.0007614663801900327
GLY932 C,0.00020556545212675783
LYS933 C,0.00038402843974435965
ILE934 C,0.002141296033510542
GLN935 C,0.0005633176498159325
ASP936 C,0.00016213982856137213
SER937 C,0.0010397142682740026
LEU938 C,0.0010564199915615758
SER939 C,4.574678095707776e-05
SER940 C,1.831529452580518e-05
THR941 C,2.9206600317264524e-05
ALA942 C,0.0008898914827133932
SER943 C,4.844927504521385e-05
ALA944 C,0.0023922111947736074
LEU945 C,0.0013475737213210226
GLY946 C,0.0015391089014132765
LYS947 C,0.004407012617193312
LEU948 C,0.008439938023219035
GLN949 C,0.0018865503905127407
ASP950 C,0.00181104747457688
VAL951 C,0.010687951432043513
VAL952 C,0.011197185326812945
ASN953 C,0.0022700637511489027
GLN954 C,0.002710326229876071
ASN955 C,0.031037399524053152
ALA956 C,0.007002399603001704
GLN957 C,0.004072325446993676
ALA958 C,0.004769846302594042
LEU959 C,0.029207950522524718
ASN960 C,0.005685611407138706
THR961 C,0.007065389358163013
LEU962 C,0.007761383410959874
VAL963 C,0.030569385330181525
LYS964 C,0.00853362020853009
GLN965 C,0.01730144397682996
LEU966 C,0.0043615813739906065
SER967 C,0.011927297210178947
SER968 C,0.003295634483517648
ASN969 C,0.004409276119584297
PHE970 C,0.004401248652905972
GLY971 C,0.014440636694282012
ALA972 C,9.83184503840985e-05
ILE973 C,0.0009848518941348386
SER974 C,0.00384738473619795
SER975 C,0.0026351866354599736
VAL976 C,0.0116043333200562
LEU977 C,0.007156097587533937
ASN978 C,0.006007117839808378
ASP979 C,0.007491414890656833
ILE980 C,0.01392086546254617
LEU981 C,0.0031182078733235957
SER982 C,0.004350290425525142
ARG983 C,0.012879696311369607
LEU984 C,0.010291761958799632
ASP985 C,0.015184841374128977
PRO986 C,0.0026535732529795924
PRO987 C,0.054470974127935175
GLU988 C,0.0037143615097788457
ALA989 C,0.0111144952383165
GLU990 C,0.024935286564918564
VAL991 C,0.014493993414083603
GLN992 C,0.008985287678684712
ILE993 C,0.0029505295646062683
ASP994 C,0.002682221546516693
ARG995 C,0.014438990573502602
LEU996 C,0.0045054469149967595
ILE997 C,0.005238241517601029
THR998 C,0.0010100028642701282
GLY999 C,0.006755382688356218
ARG1000 C,0.009011317367367176
LEU1001 C,0.005005705859096415
GLN1002 C,0.001133737973042364
SER1003 C,0.008103091496700883
LEU1004 C,0.002415042855438225
GLN1005 C,0.003455034045552351
THR1006 C,0.001962480983642436
TYR1007 C,0.008230079598784907
VAL1008 C,0.0022317995227833145
THR1009 C,0.015092322780376682
GLN1010 C,0.001671150718685469
GLN1011 C,0.007916647350493675
LEU1012 C,0.014761337712093658
ILE1013 C,0.015553153356148253
ARG1014 C,0.0011928164207217345
ALA1015 C,0.006112759089835143
ALA1016 C,0.01007991267430622
GLU1017 C,0.011458189625728477
ILE1018 C,0.0046930607620303336
ARG1019 C,0.008316184285872852
ALA1020 C,0.002299976514627599
SER1021 C,0.0054133790586542545
ALA1022 C,0.004095980863534132
ASN1023 C,0.003340470106832693
LEU1024 C,0.0023809590742944675
ALA1025 C,0.019478469348252113
ALA1026 C,0.004206547683459801
THR1027 C,0.01763855662018428
LYS1028 C,0.014233415329679281
MET1029 C,0.007499284057091651
SER1030 C,0.009269674654458177
GLU1031 C,0.008405056863114104
CYS1032 C,0.002275282907799653
VAL1033 C,0.0071851933086209945
LEU1034 C,0.010801761313289414
GLY1035 C,0.00638499885854824
GLN1036 C,0.01278717973251613
SER1037 C,0.016403521656979718
LYS1038 C,0.0012017955793047733
ARG1039 C,0.0028236973674098556
VAL1040 C,0.009026039105197895
ASP1041 C,0.002621615662680875
PHE1042 C,0.02505266193764779
CYS1043 C,0.004424174026452488
GLY1044 C,0.00529159293079865
LYS1045 C,0.00250796075557077
GLY1046 C,0.0022559317124523385
TYR1047 C,0.002118068473256701
HIS1048 C,0.0021185038749850994
LEU1049 C,0.022137995511617423
MET1050 C,0.0018915225499432744
SER1051 C,0.00758399378644205
PHE1052 C,0.003111215745238802
PRO1053 C,0.008105264490134637
GLN1054 C,0.005883638857820047
SER1055 C,0.0020722049476289317
ALA1056 C,0.0036527764008070086
PRO1057 C,0.0004032579402619827
HIS1058 C,0.016843968737470377
GLY1059 C,0.0015031323926137789
VAL1060 C,0.016667220851823438
VAL1061 C,0.0013689942192466496
PHE1062 C,0.009318219325637152
LEU1063 C,0.003130966347805773
HIS1064 C,0.009092593283338307
VAL1065 C,0.0028314828072816245
THR1066 C,0.002513183817659115
TYR1067 C,0.0026822247985844234
VAL1068 C,0.0016137928597583756
PRO1069 C,0.0044250210625518946
ALA1070 C,0.0005379518876744948
GLN1071 C,0.0001310098490093561
GLU1072 C,0.0004164736330844349
LYS1073 C,0.00021614435424747568
ASN1074 C,0.00017195937796010604
PHE1075 C,0.0016295337813165976
THR1076 C,0.0007870501016047405
THR1077 C,0.0009579698199565725
ALA1078 C,0.0019596052054062113
PRO1079 C,0.006853175031151019
ALA1080 C,0.000730988961626089
ILE1081 C,0.002108499441757148
CYS1082 C,0.00042840066546806325
HIS1083 C,0.00020155593455815592
ASP1084 C,0.0
GLY1085 C,3.2237649384078756e-06
LYS1086 C,0.00038081261079019654
ALA1087 C,0.0008392208372980544
HIS1088 C,0.0003943866723366667
PHE1089 C,0.009593865524995488
PRO1090 C,0.0008454993651718449
ARG1091 C,0.000230138245609325
GLU1092 C,0.003291330326284751
GLY1093 C,0.0006332613733320392
VAL1094 C,0.004070655258332604
PHE1095 C,0.0008440160420717535
VAL1096 C,0.0036935006387654127
SER1097 C,0.00046824048554571754
ASN1098 C,0.0003272372532534046
GLY1099 C,0.00010911953197249089
THR1100 C,4.709034636127008e-08
HIS1101 C,3.4476701091310275e-06
TRP1102 C,0.0012380996940896181
PHE1103 C,0.0007879598260329675
VAL1104 C,0.003930463102551991
THR1105 C,0.000962495604421577
GLN1106 C,0.009164065113724378
ARG1107 C,0.005966922027759353
ASN1108 C,0.0010925319567744245
PHE1109 C,0.002075043846862687
TYR1110 C,0.0005440244537089253
GLU1111 C,0.0004036405929741338
PRO1112 C,0.0011493241982071984
GLN1113 C,8.860178897244208e-05
ILE1114 C,0.0013497756486075742
ILE1115 C,0.0017125970790772915
THR1116 C,0.0021601632481422594
THR1117 C,0.0027413935829308927
ASP1118 C,0.0005773135275711914
ASN1119 C,0.0011951327521544052
THR1120 C,0.004761918016266045
PHE1121 C,0.0016886568419130768
VAL1122 C,0.0002458980749127084
SER1123 C,0.001095936615806489
GLY1124 C,0.00020263720823271263
ASN1125 C,5.010097851818799e-05
CYS1126 C,4.5585864284421875e-05
ASP1127 C,0.0
VAL1128 C,0.0003536051537993541
VAL1129 C,0.0014721287759849567
ILE1130 C,4.248520338175387e-05
GLY1131 C,3.7817167720783016e-05
ILE1132 C,0.0008820870483226431
VAL1133 C,9.760180970523884e-05
ASN1134 C,2.860961244923683e-06
ASN1135 C,0.0002297031971301236
THR1136 C,0.00020799824712029215
VAL1137 C,0.00029601512918553445
TYR1138 C,0.0006012329386398712
ASP1139 C,0.0018077027921826064
PRO1140 C,0.0030594497661334055
LEU1141 C,0.0003499595063618794
GLN1142 C,0.000979428587343474
PRO1143 C,0.0007274248527328647
GLU1144 C,0.0004333367509121963
LEU1145 C,0.0011823428563327017
ASP1146 C,1.3734684355370436e-07
SER1147 C,1.4841017506450017e-05
