,eigenvector
ALA27 A,4.359148004032618e-06
TYR28 A,6.730764503156645e-06
THR29 A,9.47273520646497e-06
ASN30 A,9.843320932690619e-06
SER31 A,2.1870323901150335e-05
PHE32 A,1.386779914918071e-05
THR33 A,1.9179674082009236e-05
ARG34 A,2.4999909647341344e-05
GLY35 A,3.693905653347721e-05
VAL36 A,3.1375344172044505e-05
TYR37 A,2.7853277674043517e-05
TYR38 A,2.3701811841088146e-05
PRO39 A,1.765970579844334e-05
ASP40 A,7.16026770915482e-06
LYS41 A,3.711620541083522e-05
VAL42 A,4.4553611385078386e-05
PHE43 A,4.450937350773077e-05
ARG44 A,4.058170999794513e-05
SER45 A,2.5981289535106052e-05
SER46 A,3.3096651904404844e-05
VAL47 A,2.5481169327718766e-05
LEU48 A,6.903001773753035e-05
HIS49 A,4.07933850722076e-05
SER50 A,8.893184678445807e-05
THR51 A,5.447559529822766e-05
GLN52 A,4.706199654310947e-05
ASP53 A,5.0692141199220924e-05
LEU54 A,3.354075722813364e-05
PHE55 A,4.2535372506064553e-05
LEU56 A,3.8849493123970545e-05
PRO57 A,6.058986417435537e-05
PHE58 A,4.550791855355171e-05
PHE59 A,1.4114542796838085e-05
SER60 A,2.180999755559504e-05
ASN61 A,1.0424145279456925e-05
VAL62 A,1.9203173661469542e-05
THR63 A,1.1425998463820598e-05
TRP64 A,1.2401297369616533e-05
PHE65 A,7.446151694081318e-06
HIS66 A,6.143552556799257e-06
ALA67 A,3.7355673287663534e-06
ILE68 A,2.1390238426435448e-06
HIS69 A,4.04117526599579e-07
ASP80 A,2.2918809461721075e-06
ASN81 A,5.773016363702197e-06
PRO82 A,3.868690456289176e-06
VAL83 A,8.517133482218024e-06
LEU84 A,8.348053431583338e-06
PRO85 A,8.397393765289117e-06
PHE86 A,2.1040483538524686e-05
ASN87 A,1.4645729222149563e-05
ASP88 A,2.135235458270178e-05
GLY89 A,3.44596022971946e-05
VAL90 A,3.0514646923417016e-05
TYR91 A,4.131606912557986e-05
PHE92 A,2.713663265847842e-05
ALA93 A,2.212196718544324e-05
SER94 A,1.9015476050115384e-05
THR95 A,1.5775076729359815e-05
GLU96 A,1.4952917680257683e-05
LYS97 A,7.984881311172854e-06
SER98 A,3.896759060373178e-06
ASN99 A,7.044065875560027e-06
ILE100 A,7.3578737298933404e-06
ILE101 A,1.1450105249791762e-05
ARG102 A,1.0255375569315679e-05
GLY103 A,1.2645975359398369e-05
TRP104 A,1.6893317082457027e-05
ILE105 A,2.135164890068005e-05
PHE106 A,2.235546828499197e-05
GLY107 A,2.4263709650255336e-05
THR108 A,1.782021024126055e-05
THR109 A,9.662474440540486e-06
LEU110 A,2.1449502931686322e-05
ASP111 A,8.504891566876288e-06
SER112 A,1.4555214483653705e-05
LYS113 A,7.99875054358038e-06
THR114 A,1.4901531776057122e-05
GLN115 A,1.8951819947940364e-05
SER116 A,2.5288477535077527e-05
LEU117 A,1.9496925845868312e-05
LEU118 A,1.962813985980901e-05
ILE119 A,1.4325725586093702e-05
VAL120 A,1.0410848157858979e-05
ASN121 A,6.780942211893486e-06
ASN122 A,4.840963495275852e-06
ALA123 A,1.1190467780114378e-06
THR124 A,2.4278346439421986e-06
ASN125 A,3.405585992886361e-06
VAL126 A,7.229107212408453e-06
VAL127 A,1.0356121818833201e-05
ILE128 A,1.2994062784444403e-05
LYS129 A,1.2510373701433812e-05
VAL130 A,1.8621850240212434e-05
CYS131 A,1.5421422789317713e-05
GLU132 A,1.4297909752779145e-05
PHE133 A,1.425496747697305e-05
GLN134 A,6.738371441273164e-06
PHE135 A,7.047840152125302e-06
CYS136 A,2.5621156520650314e-06
ASN137 A,1.089007471629648e-06
ASP138 A,1.4673445011295019e-06
PRO139 A,2.8689517959853815e-06
PHE140 A,3.7568569754035696e-06
LEU141 A,3.627635676148418e-06
GLY142 A,1.541642335884578e-06
VAL143 A,1.5274244863172086e-06
ASN165 A,3.942293506367358e-06
CYS166 A,1.072238126680907e-05
THR167 A,6.181333404080633e-06
PHE168 A,9.4842365756044e-06
GLU169 A,8.351381268473834e-06
TYR170 A,6.1320633432995445e-06
VAL171 A,4.6515432444791225e-06
SER172 A,3.2472390863010954e-06
PHE186 A,1.0592567313419113e-05
LYS187 A,8.114087146747413e-06
ASN188 A,1.1211950896975032e-05
LEU189 A,1.6013299974426508e-05
ARG190 A,1.9103532412989736e-05
GLU191 A,2.6843337530008683e-05
PHE192 A,2.8224815038300586e-05
VAL193 A,3.632766979640722e-05
PHE194 A,2.8297962355419086e-05
LYS195 A,2.1728700189525564e-05
ASN196 A,1.8158312154192534e-05
ILE197 A,8.809018191073454e-06
ASP198 A,8.201046075820026e-06
GLY199 A,1.0754853631456646e-05
TYR200 A,1.2661430258479242e-05
PHE201 A,1.5420929858176e-05
LYS202 A,2.1379389735593173e-05
ILE203 A,2.2379496542894333e-05
TYR204 A,2.5721374524639695e-05
SER205 A,2.4588569535598464e-05
LYS206 A,2.2734921160620116e-05
HIS207 A,1.10938121520759e-05
THR208 A,8.122589246296047e-06
PRO209 A,5.4685906081541094e-06
ILE210 A,6.526137717853233e-06
ASN211 A,4.210757864381605e-06
LEU212 A,4.125989473111505e-06
VAL213 A,3.5286794338432603e-06
ARG214 A,1.242694230673655e-06
ASP215 A,2.075337120555608e-06
LEU216 A,7.518126589227075e-06
PRO217 A,2.264686597893074e-06
GLN218 A,8.634561428462453e-06
GLY219 A,8.517344794111471e-06
PHE220 A,1.7087758023667213e-05
SER221 A,2.1166314022726266e-05
ALA222 A,3.2755393175761636e-05
LEU223 A,3.06668994245951e-05
GLU224 A,2.1199153459029228e-05
PRO225 A,2.015045274872596e-05
LEU226 A,1.4106432551535068e-05
VAL227 A,1.0398702667835651e-05
ASP228 A,9.86254258496925e-06
LEU229 A,7.524855642788147e-06
PRO230 A,5.905337682406727e-06
ILE231 A,1.0034671693701308e-05
GLY232 A,6.044300594880204e-06
ILE233 A,1.1604446140739889e-05
ASN234 A,8.064736395391276e-06
ILE235 A,1.6802472036720454e-05
THR236 A,1.499306526828158e-05
ARG237 A,1.794534555878214e-05
PHE238 A,2.1051127989372975e-05
GLN239 A,1.279530342163022e-05
THR240 A,1.1952821895546215e-05
LEU241 A,1.1823925791409153e-05
LEU242 A,7.616899632374018e-06
ALA243 A,6.497178499376493e-06
LEU244 A,2.78128404899529e-06
HIS245 A,1.0469398510163385e-06
ALA263 A,1.3616150031723708e-05
ALA264 A,1.0818190089614516e-05
TYR265 A,1.5708134853676727e-05
TYR266 A,2.0974413181651724e-05
VAL267 A,2.2444525771621597e-05
GLY268 A,2.5219937579104862e-05
TYR269 A,3.0310865416673314e-05
LEU270 A,3.77221356801415e-05
GLN271 A,4.198724696781798e-05
PRO272 A,3.133069321880581e-05
ARG273 A,9.179685660364319e-05
THR274 A,9.217963720547339e-05
PHE275 A,0.0001214438126566805
LEU276 A,0.00013109445989481462
LEU277 A,7.788420585892916e-05
LYS278 A,5.358384852707521e-05
TYR279 A,5.483128949586476e-05
ASN280 A,3.095711883689912e-05
GLU281 A,1.7733562081800867e-05
ASN282 A,1.9601889761878536e-05
GLY283 A,3.4281858000184524e-05
THR284 A,2.2926041255068806e-05
ILE285 A,4.5050929203210074e-05
THR286 A,3.90582640312054e-05
ASP287 A,3.9819034800996834e-05
ALA288 A,6.683473843407077e-05
VAL289 A,0.00013924883294846497
ASP290 A,0.0001521217035068424
CYS291 A,0.0001945319356573431
ALA292 A,0.0001520652691816394
LEU293 A,0.00015010261866939186
ASP294 A,0.00013648310858530184
PRO295 A,0.00044248221950664383
LEU296 A,0.00041646423906674493
SER297 A,0.00023627983251776243
GLU298 A,0.0003434629385678252
THR299 A,0.0004888640127042682
LYS300 A,0.00024274526836032416
CYS301 A,0.00022501072308073753
THR302 A,0.00019549670119939168
LEU303 A,0.000134790528617331
LYS304 A,0.00010689784368063126
SER305 A,0.0001283523374376414
PHE306 A,9.723030919458475e-05
THR307 A,0.0001537142878206963
VAL308 A,0.00024187644082755306
GLU309 A,0.0003493700082291199
LYS310 A,0.0005697001017438779
GLY311 A,0.0009404120210754822
ILE312 A,0.0014655520059744659
TYR313 A,0.0005713860497766241
GLN314 A,0.0006585198737863485
THR315 A,0.0006150356144909845
SER316 A,0.0004588089324035016
ASN317 A,0.00038277468189591046
PHE318 A,0.0005212988560731179
ARG319 A,0.0001933077948916711
VAL320 A,0.00016782842637604628
GLN321 A,5.224532767658641e-05
PRO322 A,8.20302480884088e-05
THR323 A,3.2976529270528186e-05
GLU324 A,2.720061644362771e-05
SER325 A,4.0684929702547395e-05
ILE326 A,4.2458028317851826e-05
VAL327 A,3.246805736981312e-05
ARG328 A,3.790341101347177e-05
PHE329 A,3.4411333084957524e-05
PRO330 A,2.0257076286464514e-05
ASN331 A,9.648809804236084e-06
ILE332 A,2.6435347694173346e-05
THR333 A,1.976615170586404e-05
ASN334 A,3.114923216832787e-05
LEU335 A,3.1646325534250816e-05
CYS336 A,6.846327198687383e-05
PRO337 A,1.9962139289655588e-05
PHE338 A,1.5227458893455634e-05
GLY339 A,1.1789124541528322e-05
GLU340 A,8.46302108188182e-06
VAL341 A,4.5901020924390414e-05
PHE342 A,1.791158288867391e-05
ASN343 A,7.99878383595739e-06
ALA344 A,1.7034448570005884e-05
THR345 A,7.657996927803527e-06
ARG346 A,1.0456372093615957e-05
PHE347 A,6.263108948158457e-05
ALA348 A,7.940411933582943e-05
SER349 A,8.27985647146007e-05
VAL350 A,9.15157410344019e-05
TYR351 A,5.1231839347393304e-05
ALA352 A,5.6540292516460704e-05
TRP353 A,8.273894374964684e-05
ASN354 A,7.295473641164482e-05
ARG355 A,6.348308308406495e-05
LYS356 A,6.550296813954521e-05
ARG357 A,5.816936216066603e-05
ILE358 A,8.670410109297952e-05
SER359 A,7.473250385083002e-05
ASN360 A,5.166884203648245e-05
CYS361 A,7.581388553794198e-05
VAL362 A,6.611477495759431e-05
ALA363 A,6.766817653407488e-05
ASP364 A,4.393098073858755e-05
TYR365 A,3.9629315987554586e-05
SER366 A,1.973643543871033e-05
VAL367 A,1.347332792573704e-05
LEU368 A,1.3235303121054403e-05
TYR369 A,2.1920527642056255e-05
ASN370 A,8.189667519778106e-06
SER371 A,1.1309706211843237e-05
ALA372 A,1.036484038443595e-05
SER373 A,1.3979785738474264e-05
PHE374 A,4.198993490725088e-05
SER375 A,4.5481199848578963e-05
THR376 A,4.782001425999552e-05
PHE377 A,5.609486483190322e-05
LYS378 A,3.9120447450321307e-05
CYS379 A,4.376571991457635e-05
TYR380 A,4.7520415553107664e-05
GLY381 A,2.9966493328593055e-05
VAL382 A,6.134941671146512e-05
SER383 A,4.5493009372850924e-05
PRO384 A,3.936845455511735e-05
THR385 A,2.378216287582943e-05
LYS386 A,6.067511009550347e-05
LEU387 A,6.238473270941081e-05
ASN388 A,7.230522223981233e-05
ASP389 A,5.442965925961948e-05
LEU390 A,7.957527171810411e-05
CYS391 A,9.492762833187968e-05
PHE392 A,9.267674383535929e-05
THR393 A,9.60725554929546e-05
ASN394 A,8.853795958417195e-05
VAL395 A,0.00010539312617385003
TYR396 A,9.295208158253303e-05
ALA397 A,0.00011260111569357416
ASP398 A,0.00011329482702847614
SER399 A,0.00012623711030456595
PHE400 A,0.00011955800749641626
VAL401 A,0.00011093851145104566
ILE402 A,0.00010167719105111745
ARG403 A,6.643481305951032e-05
GLY404 A,7.38211112387546e-05
ASP405 A,2.4968918849125522e-05
GLU406 A,4.1981728939060144e-05
VAL407 A,7.534033922982727e-05
ARG408 A,1.6734729397411823e-05
GLN409 A,3.2691301613905905e-05
ILE410 A,5.2586748768318705e-05
ALA411 A,3.491393917822322e-05
PRO412 A,2.538308962033079e-05
GLY413 A,1.0926090913889012e-05
GLN414 A,2.2748154076732624e-05
THR415 A,1.8965494955272042e-05
GLY416 A,2.1183468220204982e-05
LYS417 A,1.900904570839589e-05
ILE418 A,4.326354614173145e-05
ALA419 A,4.327320016546899e-05
ASP420 A,2.59901449503082e-05
TYR421 A,2.7475020059924798e-05
ASN422 A,5.150318667279768e-05
TYR423 A,5.024295419556877e-05
LYS424 A,3.558708511099152e-05
LEU425 A,3.244885614562491e-05
PRO426 A,1.5755452421789052e-05
ASP427 A,1.824371808927497e-05
ASP428 A,9.398432955148879e-06
PHE429 A,3.6141488583747785e-05
THR430 A,4.5830322661906986e-05
GLY431 A,7.565715971604944e-05
CYS432 A,7.702282960588519e-05
VAL433 A,9.830530515006152e-05
ILE434 A,9.084804911969405e-05
ALA435 A,9.888941913661389e-05
TRP436 A,7.219790032915848e-05
ASN437 A,7.728717186418133e-05
SER438 A,6.86398496664696e-05
ASN439 A,6.210174482669465e-05
ASN440 A,3.137498659342865e-05
LEU441 A,2.4131547577705316e-05
ASP442 A,4.2198816881724907e-05
SER443 A,6.197194899955249e-05
LYS444 A,2.9786296993656016e-05
GLY447 A,2.7161185204352566e-05
ASN448 A,4.1467680724357946e-05
TYR449 A,3.0432629518310526e-05
ASN450 A,2.776347950591247e-05
TYR451 A,6.142608284270979e-05
LEU452 A,4.546334142800725e-05
TYR453 A,4.3606265780988386e-05
ARG454 A,4.088632659987434e-05
LYS462 A,8.44722069127668e-06
PRO463 A,1.7683940716778458e-05
PHE464 A,2.1360596158890102e-05
GLU465 A,2.0976860592770512e-05
ARG466 A,3.5690522131457745e-05
ASP467 A,2.397957599217582e-05
ILE468 A,1.5556630632221395e-05
TYR489 A,7.077896493556777e-07
PHE490 A,3.914105977666627e-06
PRO491 A,6.526177928895902e-06
LEU492 A,1.7505543672976975e-05
GLN493 A,1.8583499051431474e-05
SER494 A,2.7543400670697016e-05
TYR495 A,3.0955617146881346e-05
GLY496 A,2.7763577740616163e-05
PHE497 A,6.02783345205742e-05
GLN498 A,4.018545133162671e-05
PRO499 A,3.9198318550128034e-05
THR500 A,4.358688831256933e-06
ASN501 A,3.447741260439793e-05
VAL503 A,2.505086925346153e-05
GLY504 A,3.048801912933943e-05
TYR505 A,4.126296614747697e-05
GLN506 A,8.141781991325701e-05
PRO507 A,9.543733889431642e-05
TYR508 A,0.00011079278907173531
ARG509 A,0.00011343657605192346
VAL510 A,0.00013303691738331193
VAL511 A,0.00011278291426809509
VAL512 A,0.000109322071691308
LEU513 A,0.00010383450481814712
SER514 A,8.954281190813674e-05
PHE515 A,8.041663463677627e-05
GLU516 A,5.9391986969626016e-05
LEU517 A,4.342673794006094e-05
LEU518 A,3.199740513406554e-05
HIS519 A,3.925725248420248e-05
ALA520 A,4.9189879716491e-05
PRO521 A,3.857860161020499e-05
ALA522 A,7.507633058968242e-05
THR523 A,7.861980061709389e-05
VAL524 A,0.00012105457295668745
CYS525 A,9.625948540528488e-05
GLY526 A,7.811043107872915e-05
PRO527 A,4.4577138215833334e-05
LYS528 A,2.4240049446227523e-05
LYS529 A,1.3468855139487464e-05
SER530 A,2.0954037631111053e-05
THR531 A,1.500267599654328e-05
ASN532 A,1.699232430485711e-05
LEU533 A,1.6223518223447485e-05
VAL534 A,2.8039798230033715e-05
LYS535 A,2.6827728108330195e-05
ASN536 A,3.0128568611811404e-05
LYS537 A,4.49990220864951e-05
CYS538 A,8.830403335834045e-05
VAL539 A,7.391649441931822e-05
ASN540 A,6.454613803134256e-05
PHE541 A,5.700820594856339e-05
ASN542 A,4.9153155249542505e-05
PHE543 A,4.506832928049944e-05
ASN544 A,5.8842426610786116e-05
GLY545 A,4.6300111152736775e-05
LEU546 A,5.284867750015081e-05
THR547 A,5.422388655747526e-05
GLY548 A,3.814051064269386e-05
THR549 A,8.287538211185474e-05
GLY550 A,8.574152441728784e-05
VAL551 A,7.74150550811404e-05
LEU552 A,6.1944109411586e-05
THR553 A,3.6269904313150467e-05
GLU554 A,2.23875171474798e-05
SER555 A,1.728008659089223e-05
ASN556 A,6.9795724932078205e-06
LYS557 A,1.0083302875750799e-05
LYS558 A,1.1182094998030498e-05
PHE559 A,2.63045598885262e-05
LEU560 A,1.302209269587829e-05
PRO561 A,1.2034228662186508e-05
PHE562 A,2.8398168758116397e-05
GLN563 A,3.9780493563736195e-05
GLN564 A,4.817655248378916e-05
PHE565 A,6.164533310897405e-05
GLY566 A,5.1328515116039275e-05
ARG567 A,8.902709531105568e-05
ASP568 A,6.006895196841616e-05
ILE569 A,0.00013263432762897662
ALA570 A,0.0002030383393280865
ASP571 A,0.00011722566486086033
THR572 A,6.294344457268552e-05
THR573 A,5.625740084488507e-05
ASP574 A,5.578162303813132e-05
ALA575 A,4.8922011754136235e-05
VAL576 A,5.4986418968032974e-05
ARG577 A,3.128207860146203e-05
ASP578 A,2.7506172998747456e-05
PRO579 A,3.095310038144065e-05
GLN580 A,1.5309233060410064e-05
THR581 A,1.0654434649473955e-05
LEU582 A,1.4572406261023673e-05
GLU583 A,1.1351456868429654e-05
ILE584 A,3.3308120714701907e-05
LEU585 A,3.891861131670475e-05
ASP586 A,4.752175548711698e-05
ILE587 A,6.225395891252363e-05
THR588 A,5.019618433879811e-05
PRO589 A,8.640587473494263e-05
CYS590 A,0.0001224396451398846
SER591 A,0.0002792706723939783
PHE592 A,0.0003193762171843718
GLY593 A,0.0007492820477651822
GLY594 A,0.0009650196399901319
VAL595 A,0.0009339769428524508
SER596 A,0.0011035732320674747
VAL597 A,0.001081530087203541
ILE598 A,0.0014081190354744229
THR599 A,0.0008175505544447019
PRO600 A,0.0008134672225055883
GLY601 A,0.00034241221447909795
THR602 A,0.0003799522054436945
ASN603 A,7.244959538219432e-05
THR604 A,0.0001951269873807171
SER605 A,0.0002184607218186716
ASN606 A,0.000389370033316159
GLN607 A,0.0005472416889286794
VAL608 A,0.0008763880867147092
ALA609 A,0.0011257672762239222
VAL610 A,0.001033113678924432
LEU611 A,0.0012249838257823262
TYR612 A,0.0012691951226410543
GLN613 A,0.00122043813395527
ASP614 A,0.0017972517375695705
VAL615 A,0.0007968554756981835
ASN616 A,0.0006368501733759979
CYS617 A,0.0004796551834688152
THR618 A,9.820192923833579e-05
GLU619 A,0.0002392421333668802
VAL620 A,0.00033242722771821033
ASN641 A,0.0006416004042234008
VAL642 A,0.0008709603208501481
PHE643 A,0.0010138684439219094
GLN644 A,0.0008444764826153094
THR645 A,0.0019177943747807952
ARG646 A,0.002056187455484406
ALA647 A,0.003297997245116823
GLY648 A,0.0013251083693511698
CYS649 A,0.0016503375762799365
LEU650 A,0.0013179234522197733
ILE651 A,0.0009225911675437709
GLY652 A,0.0008381080931573884
ALA653 A,0.0015451701153256236
GLU654 A,0.0009986871453186664
HIS655 A,0.001014930912181608
VAL656 A,0.0009877721853232668
ASN657 A,0.0008346206806258334
ASN658 A,0.0008028519464212925
SER659 A,0.0019670945978503183
TYR660 A,0.0016805664915866688
GLU661 A,0.004032315607231963
CYS662 A,0.0022209539386495434
ASP663 A,0.001566043115633161
ILE664 A,0.001904988293628566
PRO665 A,0.0030768956298077954
ILE666 A,0.0038488269486548743
GLY667 A,0.006720420567479142
ALA668 A,0.00601121632331304
GLY669 A,0.007859752797155551
ILE670 A,0.004323947387429745
CYS671 A,0.004120252481503753
ALA672 A,0.002839629984231005
SER673 A,0.0013994231909416777
TYR674 A,0.0007551165081642871
GLN675 A,0.0005091714797498777
THR676 A,0.00017460749618241112
SER689 A,7.863760908613559e-05
GLN690 A,0.0002882858037724285
SER691 A,0.0006016347144813568
ILE692 A,0.0014070521360666497
ILE693 A,0.001330668534806044
ALA694 A,0.0021679769639721615
TYR695 A,0.0024879899028568873
THR696 A,0.002773817548523342
MET697 A,0.004672255965364604
SER698 A,0.0036434188817259976
LEU699 A,0.017464695847243257
GLY700 A,0.010524977849687788
ALA701 A,0.012796062949252772
GLU702 A,0.015599675236007474
ASN703 A,0.02460640271767397
SER704 A,0.0230376471682936
VAL705 A,0.06734013236072278
ALA706 A,0.013444243391358305
TYR707 A,0.0453760418500431
SER708 A,0.025985690727607924
ASN709 A,0.027156717273470254
ASN710 A,0.022394006895787313
SER711 A,0.038253340830435106
ILE712 A,0.03812706084789384
ALA713 A,0.03228355443219427
ILE714 A,0.024977267746416603
PRO715 A,0.019867692667376004
THR716 A,0.018477368940157654
ASN717 A,0.01586584598338452
PHE718 A,0.022356705117651608
THR719 A,0.021327299724549748
ILE720 A,0.032159457334404715
SER721 A,0.030194437975520228
VAL722 A,0.03522326855374832
THR723 A,0.02935067182373675
THR724 A,0.03170109860678912
GLU725 A,0.030508863856638434
ILE726 A,0.026481025507845528
LEU727 A,0.03476427954430658
PRO728 A,0.037458090782264336
VAL729 A,0.0447642661120521
SER730 A,0.030767081851231292
MET731 A,0.01959663555829555
THR732 A,0.008921576764484318
LYS733 A,0.008334268788417044
THR734 A,0.0036824634690638
SER735 A,0.004130266991714495
VAL736 A,0.0016917202459787646
ASP737 A,0.0011775690355538616
CYS738 A,0.001141451810962993
THR739 A,0.0005369545266597213
MET740 A,0.0004922801245486092
TYR741 A,0.000875792684570261
ILE742 A,0.00042661548188459324
CYS743 A,0.00032615267136822026
GLY744 A,0.0003816230125684548
ASP745 A,0.00010006112417072075
SER746 A,0.0001288679024062058
THR747 A,8.512712084161169e-05
GLU748 A,6.28223985942942e-05
CYS749 A,0.0001599712974100025
SER750 A,0.00016761136219311853
ASN751 A,8.584873819250893e-05
LEU752 A,0.0001464759311519563
LEU753 A,0.000252277374969218
LEU754 A,0.00011511605279533986
GLN755 A,0.00017134990469515487
TYR756 A,0.00038957218180556
GLY757 A,0.0003462769545023585
SER758 A,0.0004208307485909847
PHE759 A,0.0004621922340548375
CYS760 A,0.0008131271645825161
THR761 A,0.0007393011672771836
GLN762 A,0.0008112940327967656
LEU763 A,0.0016510754016020761
ASN764 A,0.0021525058910219926
ARG765 A,0.0014747227514066662
ALA766 A,0.002690762090857249
LEU767 A,0.004695899296288828
THR768 A,0.0033724327894123656
GLY769 A,0.003298793864069746
ILE770 A,0.007491625019682655
ALA771 A,0.008925787194279245
VAL772 A,0.0064517405601736055
GLU773 A,0.008351402283417134
GLN774 A,0.019934749955399858
ASP775 A,0.017662559925482085
LYS776 A,0.011981081087179145
ASN777 A,0.03314996166585228
THR778 A,0.03319989487523672
GLN779 A,0.02141139339135913
GLU780 A,0.029022580598713633
VAL781 A,0.047390187643882094
PHE782 A,0.03693636417742471
ALA783 A,0.025221685992366703
GLN784 A,0.022937095004469464
VAL785 A,0.04709860061695639
LYS786 A,0.011836566922023254
GLN787 A,0.023409450551541314
ILE788 A,0.04546803635392008
TYR789 A,0.05168984743505075
LYS790 A,0.042416480645754685
THR791 A,0.03850457002353914
PRO792 A,0.020497511672156053
PRO793 A,0.0047117511092538275
ILE794 A,0.0028597633964057042
LYS795 A,0.008049460150976432
ASP796 A,0.007758180557557333
PHE797 A,0.015818204555067508
GLY798 A,0.015469655768637687
GLY799 A,0.005182566972750567
PHE800 A,0.00813393185786425
ASN801 A,0.007448591592738907
PHE802 A,0.006648157934887321
SER803 A,0.007339331226916394
GLN804 A,0.00955055242707082
ILE805 A,0.017417543198870716
LEU806 A,0.02201014550100745
PRO807 A,0.013159630069484748
ASP808 A,0.007584498978351529
PRO809 A,0.0027921200403193147
SER810 A,0.0019839005500922923
LYS811 A,0.003697091618594065
PRO812 A,0.0012868103416746291
SER813 A,0.0029048929140378116
LYS814 A,0.010730041465506294
ARG815 A,0.012516438942265997
SER816 A,0.012478640018934234
PHE817 A,0.011520345782018115
ILE818 A,0.010920100749233278
GLU819 A,0.017149750956314526
ASP820 A,0.0074301213820340845
LEU821 A,0.007004810979276661
LEU822 A,0.01355850032823606
PHE823 A,0.008456092266977256
ASN824 A,0.003960528544744873
LYS825 A,0.0045816850178101555
VAL826 A,0.008027952795745091
THR827 A,0.0031088116237020665
LYS854 A,0.00046466631425342317
PHE855 A,0.00025970899351108003
ASN856 A,0.00042638577985272205
GLY857 A,0.0008815430372883842
LEU858 A,0.0015967277606289457
THR859 A,0.001685306628388383
VAL860 A,0.0030647106430417848
LEU861 A,0.0057981383829369005
PRO862 A,0.0036117335615961157
PRO863 A,0.00978482326344999
LEU864 A,0.0061947394743549575
LEU865 A,0.016265494163701367
THR866 A,0.008082579750566346
ASP867 A,0.008046778341321259
GLU868 A,0.01248722910633348
MET869 A,0.015185458325569945
ILE870 A,0.02233054724756684
ALA871 A,0.02572118572879163
GLN872 A,0.024823919515192906
TYR873 A,0.04176921714655184
THR874 A,0.041877323753215824
SER875 A,0.04567545903413219
ALA876 A,0.05151252334356479
LEU877 A,0.08007590078481376
LEU878 A,0.04945513769441014
ALA879 A,0.05469835147803206
GLY880 A,0.08625412327540509
THR881 A,0.08301719308456329
ILE882 A,0.04385523005932335
THR883 A,0.08168204998609091
SER884 A,0.07922003565074699
GLY885 A,0.09111583804575359
TRP886 A,0.07117915407077816
THR887 A,0.052818075217186775
PHE888 A,0.07624578870494679
GLY889 A,0.08470938337274761
ALA890 A,0.04847063779355615
GLY891 A,0.04995199131327367
ALA892 A,0.03660867135943494
ALA893 A,0.0664351585396332
LEU894 A,0.065351394302184
GLN895 A,0.06331399992520002
ILE896 A,0.06528039318665858
PRO897 A,0.04630618549596324
PHE898 A,0.03405861006744948
ALA899 A,0.019954854983025128
MET900 A,0.02235931027225139
GLN901 A,0.041634909990625815
MET902 A,0.023257227893910177
ALA903 A,0.022252035367135922
TYR904 A,0.016907204120321
ARG905 A,0.036275228079441335
PHE906 A,0.025147128851953287
ASN907 A,0.016403120776303966
GLY908 A,0.02432368065146529
ILE909 A,0.031232663458949098
GLY910 A,0.011841672766285043
VAL911 A,0.01775943581961919
THR912 A,0.011876422618540808
GLN913 A,0.013924841788273853
ASN914 A,0.007490310169250271
VAL915 A,0.007425599424228943
LEU916 A,0.013678982865558702
TYR917 A,0.011114520565688296
GLU918 A,0.004857393812938522
ASN919 A,0.005383761430450093
GLN920 A,0.008451932272590133
LYS921 A,0.003975999131473923
LEU922 A,0.004485646214574776
ILE923 A,0.012513173684508752
ALA924 A,0.009478679218818273
ASN925 A,0.006726308748225978
GLN926 A,0.014279319872290216
PHE927 A,0.017651884717744426
ASN928 A,0.008573600181306774
SER929 A,0.0059416868963291
ALA930 A,0.016410858019173528
ILE931 A,0.010176350935297418
GLY932 A,0.005408015868233387
LYS933 A,0.0044640322600646735
ILE934 A,0.014190717431562288
GLN935 A,0.004949747533301011
ASP936 A,0.0033662595062912016
SER937 A,0.003261079060180251
LEU938 A,0.005310706415377599
SER939 A,0.002359474284420886
SER940 A,0.0015265329005947979
THR941 A,0.001585736280969254
ALA942 A,0.0031443170463902365
SER943 A,0.0015920412561311896
ALA944 A,0.0031439232196093887
LEU945 A,0.00999460538799876
GLY946 A,0.004148934649065764
LYS947 A,0.013611178204760927
LEU948 A,0.021601660109986435
GLN949 A,0.006148089966553644
ASP950 A,0.0053610542285425535
VAL951 A,0.011126724277751332
VAL952 A,0.007568427661455688
ASN953 A,0.003155769346500259
GLN954 A,0.002880562993737723
ASN955 A,0.005478643897786258
ALA956 A,0.0016775889880823046
GLN957 A,0.0013861909495879344
ALA958 A,0.0013392385071944902
LEU959 A,0.0010329638682472994
ASN960 A,0.0005968933556346499
THR961 A,0.0005499518126887085
LEU962 A,0.0007121107680102247
VAL963 A,0.0004001230621359967
LYS964 A,0.00038084935446172023
GLN965 A,0.0004716818435590456
LEU966 A,0.0002801928193294534
SER967 A,0.0002567140098504333
SER968 A,0.000260807323501533
ASN969 A,0.00020207693059220606
PHE970 A,0.0002336453107592036
GLY971 A,0.00016253015118331343
ALA972 A,0.00015257135696492837
ILE973 A,8.114316658220023e-05
SER974 A,9.820007062734378e-05
SER975 A,0.0002011088242815416
VAL976 A,7.666263855880472e-05
LEU977 A,0.00011407710500010155
ASN978 A,5.778790521666317e-05
ASP979 A,5.910871031401862e-05
ILE980 A,9.962022884300456e-05
LEU981 A,5.140795531466176e-05
SER982 A,5.907551456496024e-05
ARG983 A,6.638273487531073e-05
LEU984 A,5.4891879164728255e-05
ASP985 A,3.871645654135546e-05
PRO986 A,3.223595701293999e-05
PRO987 A,3.049198778429627e-05
GLU988 A,4.22653588460885e-05
ALA989 A,7.461878190096416e-05
GLU990 A,9.035036808356582e-05
VAL991 A,6.351627699265037e-05
GLN992 A,0.0001328703533807883
ILE993 A,0.0001564118769778557
ASP994 A,0.00012492486731331446
ARG995 A,0.00019502784476789327
LEU996 A,0.00028347652435688176
ILE997 A,0.0003056840434796047
THR998 A,0.00020873522481007655
GLY999 A,0.0003041202857201962
ARG1000 A,0.0004897017262651853
LEU1001 A,0.000580974929078605
GLN1002 A,0.0003859148111188498
SER1003 A,0.0006272466373376734
LEU1004 A,0.0009695341824313107
GLN1005 A,0.0009408499882635054
THR1006 A,0.0008983668651019296
TYR1007 A,0.0013348417941603183
VAL1008 A,0.0023823106912411783
THR1009 A,0.0023316337851469696
GLN1010 A,0.002177981260055616
GLN1011 A,0.004088027752356163
LEU1012 A,0.005422581690405226
ILE1013 A,0.005686980817483864
ARG1014 A,0.005792116624115297
ALA1015 A,0.010672225370342198
ALA1016 A,0.00965107276306391
GLU1017 A,0.01046784264179311
ILE1018 A,0.02541715405508011
ARG1019 A,0.02726828903220349
ALA1020 A,0.015295861999361136
SER1021 A,0.029054112137767825
ALA1022 A,0.048067249184828825
ASN1023 A,0.032879300249933914
LEU1024 A,0.02463965261182728
ALA1025 A,0.04939458663551099
ALA1026 A,0.04237101208636723
THR1027 A,0.051901790146233334
LYS1028 A,0.05675215007877658
MET1029 A,0.06291930817158721
SER1030 A,0.08002460975196937
GLU1031 A,0.0814766646675383
CYS1032 A,0.07593004170564281
VAL1033 A,0.08412717983761761
LEU1034 A,0.09506921406112946
GLY1035 A,0.07930237853887842
GLN1036 A,0.07098677438368214
SER1037 A,0.06642340488052456
LYS1038 A,0.030830802572868903
ARG1039 A,0.039965431950281904
VAL1040 A,0.0816344343864983
ASP1041 A,0.057785507512422916
PHE1042 A,0.05814614484607627
CYS1043 A,0.0646156642454943
GLY1044 A,0.05262705442840868
LYS1045 A,0.06369548321510578
GLY1046 A,0.055354427874686245
TYR1047 A,0.04692619995619965
HIS1048 A,0.07383849191264687
LEU1049 A,0.06140936281811486
MET1050 A,0.06691255227926537
SER1051 A,0.05530328004710908
PHE1052 A,0.057370796534922525
PRO1053 A,0.057060052040934825
GLN1054 A,0.035502621921295364
SER1055 A,0.030340013444643762
ALA1056 A,0.020647002040291882
PRO1057 A,0.01559648473679432
HIS1058 A,0.02285717630642449
GLY1059 A,0.030038494027931045
VAL1060 A,0.042070920271315114
VAL1061 A,0.03436016348491059
PHE1062 A,0.04079795962825168
LEU1063 A,0.0424400347549368
HIS1064 A,0.06709443102486559
VAL1065 A,0.052937751627382894
THR1066 A,0.0632541098922399
TYR1067 A,0.04358314138435251
VAL1068 A,0.039536264782353545
PRO1069 A,0.03411242377106078
ALA1070 A,0.020637180919948355
GLN1071 A,0.012519454926524861
GLU1072 A,0.016520507642261054
LYS1073 A,0.013017609422443798
ASN1074 A,0.01687635668656704
PHE1075 A,0.020494717522937647
THR1076 A,0.01658464800268787
THR1077 A,0.018302260880452677
ALA1078 A,0.01067707980028435
PRO1079 A,0.012858286413826562
ALA1080 A,0.007012695942423073
ILE1081 A,0.006079006533837472
CYS1082 A,0.004570488664020962
HIS1083 A,0.002940528118838086
ASP1084 A,0.0007368850880028057
GLY1085 A,0.0019453980160349374
LYS1086 A,0.0027104280500562035
ALA1087 A,0.005649642292743868
HIS1088 A,0.004332670870403675
PHE1089 A,0.006895525106200615
PRO1090 A,0.006692941218617639
ARG1091 A,0.00231341498206364
GLU1092 A,0.006479815200878196
GLY1093 A,0.005463291680673556
VAL1094 A,0.012065641755515765
PHE1095 A,0.010706442868090658
VAL1096 A,0.016831672321559406
SER1097 A,0.009104393288778545
ASN1098 A,0.006640517658671066
GLY1099 A,0.004960138202376705
THR1100 A,0.0022628174360656323
HIS1101 A,0.0028249762100869733
TRP1102 A,0.006612992575502783
PHE1103 A,0.007207281107666969
VAL1104 A,0.009570554662645652
THR1105 A,0.012283907326890406
GLN1106 A,0.013105426383341537
ARG1107 A,0.012413138545959086
ASN1108 A,0.013731919104372069
PHE1109 A,0.017763247190220512
TYR1110 A,0.014013655498104162
GLU1111 A,0.006646592239125936
PRO1112 A,0.007739105310518302
GLN1113 A,0.004041682637352779
ILE1114 A,0.003454043155578034
ILE1115 A,0.004225774087346858
THR1116 A,0.0015956508042467372
THR1117 A,0.0018880255953111498
ASP1118 A,0.000918911781886551
ASN1119 A,0.0036234834119490945
THR1120 A,0.0038396013716411434
PHE1121 A,0.0030360347385462462
VAL1122 A,0.0025948880618362805
SER1123 A,0.0033329277383983016
GLY1124 A,0.002211256407608895
ASN1125 A,0.002816707289485594
CYS1126 A,0.0032444403152816484
ASP1127 A,0.0008866140475112589
VAL1128 A,0.002791761719090167
VAL1129 A,0.00594357925836282
ILE1130 A,0.0033398097090130956
GLY1131 A,0.0040511079285960845
ILE1132 A,0.006234551686428561
VAL1133 A,0.0035356420880568624
ASN1134 A,0.0022260606413537906
ASN1135 A,0.0025439201898883597
THR1136 A,0.0021703279376452844
VAL1137 A,0.001396876650744644
TYR1138 A,0.0014023809545486109
ASP1139 A,0.000608152696285355
PRO1140 A,0.0005225958892554949
LEU1141 A,8.039986426641259e-05
GLN1142 A,0.00012908880780579163
PRO1143 A,6.960452356533183e-05
GLU1144 A,7.884295917384976e-05
LEU1145 A,3.7806587270631786e-05
ASP1146 A,2.808867235248358e-05
SER1147 A,1.8850236743965646e-05
ALA27 B,4.359147311045332e-06
TYR28 B,6.730762412827382e-06
THR29 B,9.472732113727842e-06
ASN30 B,9.843315221817948e-06
SER31 B,2.1870311689670986e-05
PHE32 B,1.3867789181199529e-05
THR33 B,1.917966566847896e-05
ARG34 B,2.4999903997228703e-05
GLY35 B,3.69390499536691e-05
VAL36 B,3.1375346078556224e-05
TYR37 B,2.785329725219951e-05
TYR38 B,2.3701884928771122e-05
PRO39 B,1.7659742358558992e-05
ASP40 B,7.160332507046706e-06
LYS41 B,3.7116636919953236e-05
VAL42 B,4.4554153843736626e-05
PHE43 B,4.4509912593598526e-05
ARG44 B,4.0582033219017054e-05
SER45 B,2.5981412534848805e-05
SER46 B,3.309673571111617e-05
VAL47 B,2.5481233348389157e-05
LEU48 B,6.902997442962392e-05
HIS49 B,4.079337609368773e-05
SER50 B,8.893174080546887e-05
THR51 B,5.4475543696022024e-05
GLN52 B,4.706193847733006e-05
ASP53 B,5.069208868927645e-05
LEU54 B,3.3540726353267505e-05
PHE55 B,4.2535339698120367e-05
LEU56 B,3.884947342726619e-05
PRO57 B,6.05897960294717e-05
PHE58 B,4.550786816552012e-05
PHE59 B,1.4114531389822645e-05
SER60 B,2.1809979478823668e-05
ASN61 B,1.0424140805506952e-05
VAL62 B,1.920316722122087e-05
THR63 B,1.142599641187681e-05
TRP64 B,1.2401296013372822e-05
PHE65 B,7.446151543042298e-06
HIS66 B,6.143552835100358e-06
ALA67 B,3.7355675876659035e-06
ILE68 B,2.1390240622666706e-06
HIS69 B,4.041175535468321e-07
ASP80 B,2.2918809721590635e-06
ASN81 B,5.773016274875066e-06
PRO82 B,3.868690317922985e-06
VAL83 B,8.517133066723987e-06
LEU84 B,8.348052713133404e-06
PRO85 B,8.397393044444005e-06
PHE86 B,2.1040479792672215e-05
ASN87 B,1.4645726494602987e-05
ASP88 B,2.135234698997902e-05
GLY89 B,3.4459592797498877e-05
VAL90 B,3.0514643497850684e-05
TYR91 B,4.131606545372913e-05
PHE92 B,2.713663586981553e-05
ALA93 B,2.2121970637757005e-05
SER94 B,1.9015479430106997e-05
THR95 B,1.5775079485915277e-05
GLU96 B,1.4952920653418854e-05
LYS97 B,7.984882668268456e-06
SER98 B,3.8967596421843945e-06
ASN99 B,7.044066664771698e-06
ILE100 B,7.357874512327496e-06
ILE101 B,1.1450106217997518e-05
ARG102 B,1.0255375709244177e-05
GLY103 B,1.2645975334272934e-05
TRP104 B,1.6893316696525198e-05
ILE105 B,2.135164836280593e-05
PHE106 B,2.235546739292371e-05
GLY107 B,2.4263708673190583e-05
THR108 B,1.7820209396610747e-05
THR109 B,9.66247407066047e-06
LEU110 B,2.144950230229157e-05
ASP111 B,8.50489135789471e-06
SER112 B,1.4555214116402977e-05
LYS113 B,7.998750339442167e-06
THR114 B,1.4901531318789116e-05
GLN115 B,1.8951819503503166e-05
SER116 B,2.5288476851619832e-05
LEU117 B,1.949692540069672e-05
LEU118 B,1.9628139485293432e-05
ILE119 B,1.432572539600917e-05
VAL120 B,1.0410848051152989e-05
ASN121 B,6.780942179164227e-06
ASN122 B,4.840963474419908e-06
ALA123 B,1.119046771822431e-06
THR124 B,2.427834627917512e-06
ASN125 B,3.4055859657666185e-06
VAL126 B,7.229107141986518e-06
VAL127 B,1.0356121697582103e-05
ILE128 B,1.2994062614803085e-05
LYS129 B,1.251037352014003e-05
VAL130 B,1.862185002116516e-05
CYS131 B,1.5421422512557568e-05
GLU132 B,1.4297909443945469e-05
PHE133 B,1.4254967165365983e-05
GLN134 B,6.738371280228841e-06
PHE135 B,7.04783998954466e-06
CYS136 B,2.5621156176962863e-06
ASN137 B,1.089007453237119e-06
ASP138 B,1.4673444876496095e-06
PRO139 B,2.868951781392327e-06
PHE140 B,3.756857042514853e-06
LEU141 B,3.627635746749315e-06
GLY142 B,1.5416423928903305e-06
VAL143 B,1.5274245436847242e-06
ASN165 B,3.942293447806376e-06
CYS166 B,1.072238110593233e-05
THR167 B,6.181333428717481e-06
PHE168 B,9.484236556206709e-06
GLU169 B,8.351381176861314e-06
TYR170 B,6.132063281545738e-06
VAL171 B,4.65154319459121e-06
SER172 B,3.247239055533724e-06
PHE186 B,1.0592569344478563e-05
LYS187 B,8.114088756766612e-06
ASN188 B,1.1211954125892523e-05
LEU189 B,1.6013303979451352e-05
ARG190 B,1.910354095264268e-05
GLU191 B,2.6843347332999612e-05
PHE192 B,2.822482830087809e-05
VAL193 B,3.632767931372537e-05
PHE194 B,2.8297968416068592e-05
LYS195 B,2.1728703248155055e-05
ASN196 B,1.8158312388002904e-05
ILE197 B,8.8090204316504e-06
ASP198 B,8.201042050783152e-06
GLY199 B,1.0754852493316825e-05
TYR200 B,1.266143293472238e-05
PHE201 B,1.542093433991605e-05
LYS202 B,2.1379402218268186e-05
ILE203 B,2.2379514887874907e-05
TYR204 B,2.5721396953838987e-05
SER205 B,2.458859451312088e-05
LYS206 B,2.2734939532610233e-05
HIS207 B,1.1093817608649258e-05
THR208 B,8.122592980952782e-06
PRO209 B,5.4685921986550024e-06
ILE210 B,6.526139271447327e-06
ASN211 B,4.2107588053846215e-06
LEU212 B,4.125989744861683e-06
VAL213 B,3.528680006181572e-06
ARG214 B,1.2426940331767894e-06
ASP215 B,2.0753368872249088e-06
LEU216 B,7.518124427565985e-06
PRO217 B,2.264686612374781e-06
GLN218 B,8.63455892635378e-06
GLY219 B,8.51734333749498e-06
PHE220 B,1.7087760216032805e-05
SER221 B,2.116632402086478e-05
ALA222 B,3.2755421083055774e-05
LEU223 B,3.0666924266691646e-05
GLU224 B,2.1199208081826724e-05
PRO225 B,2.015050254798565e-05
LEU226 B,1.4106476531201272e-05
VAL227 B,1.0398713816696083e-05
ASP228 B,9.862551301288293e-06
LEU229 B,7.5248589509855424e-06
PRO230 B,5.905338961735224e-06
ILE231 B,1.0034672592513545e-05
GLY232 B,6.0442983240227e-06
ILE233 B,1.1604445785646767e-05
ASN234 B,8.064735701763326e-06
ILE235 B,1.6802471081892214e-05
THR236 B,1.4993064035667643e-05
ARG237 B,1.7945344221352108e-05
PHE238 B,2.105112678121352e-05
GLN239 B,1.2795302952584486e-05
THR240 B,1.1952821725579306e-05
LEU241 B,1.1823925795277768e-05
LEU242 B,7.616899827249563e-06
ALA243 B,6.497178809343236e-06
LEU244 B,2.7812841767721346e-06
HIS245 B,1.0469398950831787e-06
ALA263 B,1.3616151862975713e-05
ALA264 B,1.0818190840748552e-05
TYR265 B,1.5708136049009724e-05
TYR266 B,2.0974412233790343e-05
VAL267 B,2.2444523792910037e-05
GLY268 B,2.5219931317627354e-05
TYR269 B,3.031085548379271e-05
LEU270 B,3.772211318668845e-05
GLN271 B,4.198721064777575e-05
PRO272 B,3.1330660202773005e-05
ARG273 B,9.179674079941264e-05
THR274 B,9.217951864350461e-05
PHE275 B,0.00012144366282754285
LEU276 B,0.00013109430622583497
LEU277 B,7.788416004593026e-05
LYS278 B,5.358384965105187e-05
TYR279 B,5.48313886383407e-05
ASN280 B,3.0957188987215493e-05
GLU281 B,1.773362062198024e-05
ASN282 B,1.9601976881245825e-05
GLY283 B,3.428205750452087e-05
THR284 B,2.2926092103413563e-05
ILE285 B,4.5050968782429824e-05
THR286 B,3.905828135816836e-05
ASP287 B,3.98190266595658e-05
ALA288 B,6.683468676736881e-05
VAL289 B,0.00013924865816787485
ASP290 B,0.0001521214996357115
CYS291 B,0.00019453166979540467
ALA292 B,0.00015206506382324622
LEU293 B,0.00015010241663460712
ASP294 B,0.00013648292690185805
PRO295 B,0.00044248171204950805
LEU296 B,0.0004164638081033765
SER297 B,0.00023627952035352133
GLU298 B,0.0003434624263990029
THR299 B,0.0004888633950910243
LYS300 B,0.0002427449616900508
CYS301 B,0.00022501042090534054
THR302 B,0.00019549641112793467
LEU303 B,0.00013479035998973122
LYS304 B,0.00010689770474010461
SER305 B,0.00012835218401752375
PHE306 B,9.723018888237295e-05
THR307 B,0.0001537141621036304
VAL308 B,0.0002418762180034181
GLU309 B,0.0003493697971388078
LYS310 B,0.0005696998242984059
GLY311 B,0.0009404116202433618
ILE312 B,0.0014655513194525322
TYR313 B,0.0005713854784202707
GLN314 B,0.0006585189936801244
THR315 B,0.0006150345945337153
SER316 B,0.0004588079946823573
ASN317 B,0.0003827731165555031
PHE318 B,0.0005212963384281693
ARG319 B,0.00019330380300589588
VAL320 B,0.00016782085996576408
GLN321 B,5.2236885137536304e-05
PRO322 B,8.201066756744819e-05
THR323 B,3.296675029543433e-05
GLU324 B,2.7191577996990863e-05
SER325 B,4.067037246036188e-05
ILE326 B,4.2439660217577126e-05
VAL327 B,3.2451776182234396e-05
ARG328 B,3.787989087909629e-05
PHE329 B,3.439002466700005e-05
PRO330 B,2.0243044416735503e-05
ASN331 B,9.642872624946618e-06
ILE332 B,2.642010480770366e-05
THR333 B,1.9754991835392555e-05
ASN334 B,3.113161648746275e-05
LEU335 B,3.162884104960807e-05
CYS336 B,6.842457103776152e-05
PRO337 B,1.9951971550976855e-05
PHE338 B,1.521974880896733e-05
GLY339 B,1.1783665585088367e-05
GLU340 B,8.459021321667154e-06
VAL341 B,4.58796157887812e-05
PHE342 B,1.7903361034197524e-05
ASN343 B,7.995125220090685e-06
ALA344 B,1.7026667001830093e-05
THR345 B,7.654521843773602e-06
ARG346 B,1.0451386327503246e-05
PHE347 B,6.260216000361097e-05
ALA348 B,7.936519833685861e-05
SER349 B,8.275672215303676e-05
VAL350 B,9.146378080141648e-05
TYR351 B,5.1195529058516506e-05
ALA352 B,5.6508972417655406e-05
TRP353 B,8.269553227824476e-05
ASN354 B,7.291984870972343e-05
ARG355 B,6.34522265966574e-05
LYS356 B,6.547132276445635e-05
ARG357 B,5.813836893172248e-05
ILE358 B,8.665707079238047e-05
SER359 B,7.468700107029001e-05
ASN360 B,5.16388434765107e-05
CYS361 B,7.576993136237602e-05
VAL362 B,6.607753113224215e-05
ALA363 B,6.763040587973763e-05
ASP364 B,4.390731751463575e-05
TYR365 B,3.9609047445989255e-05
SER366 B,1.972649294395852e-05
VAL367 B,1.3466689307401917e-05
LEU368 B,1.3228701566092434e-05
TYR369 B,2.1910234237593272e-05
ASN370 B,8.186692791762259e-06
SER371 B,1.1304593997586538e-05
ALA372 B,1.0360451073074504e-05
SER373 B,1.397377824894501e-05
PHE374 B,4.197147077154507e-05
SER375 B,4.546142257049333e-05
THR376 B,4.779852486800731e-05
PHE377 B,5.606947860277651e-05
LYS378 B,3.9102153350526795e-05
CYS379 B,4.374570172065366e-05
TYR380 B,4.749581476296404e-05
GLY381 B,2.9951989723793936e-05
VAL382 B,6.132292314087354e-05
SER383 B,4.5475094425304565e-05
PRO384 B,3.935055084550222e-05
THR385 B,2.377079814989524e-05
LYS386 B,6.065056894353822e-05
LEU387 B,6.23546630518353e-05
ASN388 B,7.226682637546258e-05
ASP389 B,5.440076277827266e-05
LEU390 B,7.953628280805123e-05
CYS391 B,9.487014974348366e-05
PHE392 B,9.262038054015806e-05
THR393 B,9.59976087748112e-05
ASN394 B,8.848585825538685e-05
VAL395 B,0.00010533318259609534
TYR396 B,9.290503687696338e-05
ALA397 B,0.00011254611183849555
ASP398 B,0.0001132408432747301
SER399 B,0.00012617827480745903
PHE400 B,0.00011950074060739912
VAL401 B,0.00011088714788524631
ILE402 B,0.00010162967462456674
ARG403 B,6.640523742418284e-05
GLY404 B,7.378854694497219e-05
ASP405 B,2.4957460240527562e-05
GLU406 B,4.195753629771071e-05
VAL407 B,7.530398006759434e-05
ARG408 B,1.6723773093731816e-05
GLN409 B,3.266762607752018e-05
ILE410 B,5.254473539231769e-05
ALA411 B,3.488964529442833e-05
PRO412 B,2.536179067287686e-05
GLY413 B,1.0920372806310359e-05
GLN414 B,2.27296192654645e-05
THR415 B,1.8948881659865783e-05
GLY416 B,2.1164321981631725e-05
LYS417 B,1.8992068374822104e-05
ILE418 B,4.322422315579159e-05
ALA419 B,4.32316865683461e-05
ASP420 B,2.596344036228191e-05
TYR421 B,2.744739538587691e-05
ASN422 B,5.145752803885018e-05
TYR423 B,5.0184605410127486e-05
LYS424 B,3.553613105372583e-05
LEU425 B,3.2408390057234754e-05
PRO426 B,1.5727900524438097e-05
ASP427 B,1.823125876468556e-05
ASP428 B,9.390598290856214e-06
PHE429 B,3.611744064936741e-05
THR430 B,4.580646175839041e-05
GLY431 B,7.561958590127922e-05
CYS432 B,7.698654449857485e-05
VAL433 B,9.825738586869059e-05
ILE434 B,9.080682418616129e-05
ALA435 B,9.884523360872772e-05
TRP436 B,7.216638261951872e-05
ASN437 B,7.72542382961704e-05
SER438 B,6.861097891432744e-05
ASN439 B,6.207603678929715e-05
ASN440 B,3.1362154814937185e-05
LEU441 B,2.4121739984615872e-05
ASP442 B,4.218140787297082e-05
SER443 B,6.194652589017608e-05
LYS444 B,2.9774176468769823e-05
GLY447 B,2.714989629241725e-05
ASN448 B,4.144980800863305e-05
TYR449 B,3.0418361775906876e-05
ASN450 B,2.774994673775225e-05
TYR451 B,6.139576921952897e-05
LEU452 B,4.54378914636303e-05
TYR453 B,4.3580343638088416e-05
ARG454 B,4.0856991601536786e-05
LYS462 B,8.424975651387611e-06
PRO463 B,1.7640104375870737e-05
PHE464 B,2.125480162691108e-05
GLU465 B,2.0929196551304443e-05
ARG466 B,3.565464266301227e-05
ASP467 B,2.3959049470743026e-05
ILE468 B,1.554549342783621e-05
TYR489 B,7.073187300802649e-07
PHE490 B,3.911813298831684e-06
PRO491 B,6.521796740012926e-06
LEU492 B,1.7495117672655536e-05
GLN493 B,1.85725502828399e-05
SER494 B,2.7529223144928425e-05
TYR495 B,3.094093125514016e-05
GLY496 B,2.775099024732417e-05
PHE497 B,6.0253252535884925e-05
GLN498 B,4.0168968294121146e-05
PRO499 B,3.918243576375208e-05
THR500 B,4.356934038632657e-06
ASN501 B,3.4463325996000646e-05
VAL503 B,2.5040421080545734e-05
GLY504 B,3.0475058521570845e-05
TYR505 B,4.124546890742987e-05
GLN506 B,8.138388790579861e-05
PRO507 B,9.539635739240505e-05
TYR508 B,0.00011074424867529154
ARG509 B,0.00011338597804127474
VAL510 B,0.0001329760953481618
VAL511 B,0.00011273071411263887
VAL512 B,0.0001092704490378592
LEU513 B,0.00010378356258248058
SER514 B,8.949737904973795e-05
PHE515 B,8.037019947949276e-05
GLU516 B,5.93556063580292e-05
LEU517 B,4.3394917366790826e-05
LEU518 B,3.196979042113398e-05
HIS519 B,3.919558322114327e-05
ALA520 B,4.910047474737644e-05
PRO521 B,3.851417900312389e-05
ALA522 B,7.502353030250998e-05
THR523 B,7.856683708133291e-05
VAL524 B,0.00012098233553385533
CYS525 B,9.620341755026666e-05
GLY526 B,7.806797694237126e-05
PRO527 B,4.455265687198929e-05
LYS528 B,2.4227122107079548e-05
LYS529 B,1.3461376194992657e-05
SER530 B,2.0942586425586697e-05
THR531 B,1.4994741900958611e-05
ASN532 B,1.6983586232959674e-05
LEU533 B,1.6215004716340843e-05
VAL534 B,2.8027759250486715e-05
LYS535 B,2.681430780341972e-05
ASN536 B,3.0116240071523053e-05
LYS537 B,4.4982122578468904e-05
CYS538 B,8.828218362111798e-05
VAL539 B,7.389097731813697e-05
ASN540 B,6.452512947342544e-05
PHE541 B,5.6986187246532095e-05
ASN542 B,4.913125177746639e-05
PHE543 B,4.504005225008694e-05
ASN544 B,5.880807895628512e-05
GLY545 B,4.627732476128852e-05
LEU546 B,5.282721026816464e-05
THR547 B,5.420482397304074e-05
GLY548 B,3.8127029189838077e-05
THR549 B,8.285494902846949e-05
GLY550 B,8.571322070626821e-05
VAL551 B,7.738678774900151e-05
LEU552 B,6.191362170519521e-05
THR553 B,3.624767706068594e-05
GLU554 B,2.236894809797936e-05
SER555 B,1.7262352579686538e-05
ASN556 B,6.968958609136371e-06
LYS557 B,1.0058946327924013e-05
LYS558 B,1.1147778656344377e-05
PHE559 B,2.6227952463338812e-05
LEU560 B,1.297830123933297e-05
PRO561 B,1.2005336105439027e-05
PHE562 B,2.820968761427413e-05
GLN563 B,3.9697318239364375e-05
GLN564 B,4.806945053914706e-05
PHE565 B,6.155373872023434e-05
GLY566 B,5.125342901428336e-05
ARG567 B,8.896543155632907e-05
ASP568 B,6.0034882011658915e-05
ILE569 B,0.0001326204770902799
ALA570 B,0.00020302144699914086
ASP571 B,0.00011720473540231481
THR572 B,6.292353436891708e-05
THR573 B,5.621021220160863e-05
ASP574 B,5.5733598106318877e-05
ALA575 B,4.8870621931356504e-05
VAL576 B,5.4923667014318306e-05
ARG577 B,3.1238963832444894e-05
ASP578 B,2.747950786680931e-05
PRO579 B,3.0925409786969406e-05
GLN580 B,1.529763441281753e-05
THR581 B,1.0642578273036178e-05
LEU582 B,1.4555762181195609e-05
GLU583 B,1.1338881524267435e-05
ILE584 B,3.3262741523777366e-05
LEU585 B,3.8883584230436856e-05
ASP586 B,4.748429057968751e-05
ILE587 B,6.221445735794031e-05
THR588 B,5.0173336593778595e-05
PRO589 B,8.6392817040525e-05
CYS590 B,0.00012242193395810551
SER591 B,0.00027926716862511185
PHE592 B,0.00031937223781671804
GLY593 B,0.0007492799420522478
GLY594 B,0.0009650177410471627
VAL595 B,0.0009339752553559885
SER596 B,0.0011035718969138154
VAL597 B,0.001081528939946923
ILE598 B,0.00140811814507171
THR599 B,0.0008175499901713947
PRO600 B,0.0008134667786273224
GLY601 B,0.0003424119909891499
THR602 B,0.0003799519536832581
ASN603 B,7.244954428226606e-05
THR604 B,0.00019512686071019423
SER605 B,0.00021846058392603753
ASN606 B,0.000389369745714857
GLN607 B,0.0005472413454774225
VAL608 B,0.0008763873915075347
ALA609 B,0.0011257664385608472
VAL610 B,0.00103311255735945
LEU611 B,0.0012249825820325661
TYR612 B,0.001269193204706014
GLN613 B,0.0012204366914222546
ASP614 B,0.001797250559818059
VAL615 B,0.0007968535160496183
ASN616 B,0.0006368494619408485
CYS617 B,0.0004796544584593857
THR618 B,9.820179234325571e-05
GLU619 B,0.00023924058813296498
VAL620 B,0.00033242664876946803
ASN641 B,0.0006416000423033079
VAL642 B,0.0008709596456771687
PHE643 B,0.0010138678412577884
GLN644 B,0.0008444758193924523
THR645 B,0.0019177937330271783
ARG646 B,0.002056186983868765
ALA647 B,0.0032979964808806457
GLY648 B,0.0013251071708324628
CYS649 B,0.0016503361717879236
LEU650 B,0.0013179223697084928
ILE651 B,0.0009225904309288229
GLY652 B,0.0008381074812533887
ALA653 B,0.00154516938199844
GLU654 B,0.000998686707475786
HIS655 B,0.0010149305953614707
VAL656 B,0.0009877719876180567
ASN657 B,0.0008346205694880998
ASN658 B,0.000802851848233041
SER659 B,0.0019670944551471617
TYR660 B,0.0016805663527828202
GLU661 B,0.0040323155162470875
CYS662 B,0.002220953674372208
ASP663 B,0.0015660429081596507
ILE664 B,0.0019049878229524817
PRO665 B,0.0030768951923144886
ILE666 B,0.0038488264380020227
GLY667 B,0.006720420011490217
ALA668 B,0.006011215823874688
GLY669 B,0.00785975240954143
ILE670 B,0.004323946859186309
CYS671 B,0.004120252009205694
ALA672 B,0.0028396293431291993
SER673 B,0.0013994228522120824
TYR674 B,0.0007551162445409051
GLN675 B,0.0005091713018249197
THR676 B,0.00017460742581801197
SER689 B,7.863757474813758e-05
GLN690 B,0.0002882856876066822
SER691 B,0.000601634457327278
ILE692 B,0.0014070515403388215
ILE693 B,0.001330668145743725
ALA694 B,0.0021679764900709208
TYR695 B,0.002487989557689389
THR696 B,0.0027738172915309756
MET697 B,0.004672255705505877
SER698 B,0.0036434187789519536
LEU699 B,0.01746469573322069
GLY700 B,0.010524977805811946
ALA701 B,0.012796062904031395
GLU702 B,0.015599675209699456
ASN703 B,0.024606402702276473
SER704 B,0.023037647152251546
VAL705 B,0.06734013248298355
ALA706 B,0.013444243411306686
TYR707 B,0.04537604192067249
SER708 B,0.02598569077523329
ASN709 B,0.02715671729303053
ASN710 B,0.0223940069502483
SER711 B,0.03825334093216126
ILE712 B,0.0381270609941266
ALA713 B,0.032283554621068064
ILE714 B,0.024977268066379364
PRO715 B,0.019867693164960558
THR716 B,0.018477369411176725
ASN717 B,0.015865846443863546
PHE718 B,0.022356706030202678
THR719 B,0.02132730071279326
ILE720 B,0.03215945934770679
SER721 B,0.03019443987559111
VAL722 B,0.03522327141117125
THR723 B,0.02935067427888401
THR724 B,0.03170110201687791
GLU725 B,0.03050886734102859
ILE726 B,0.026481030573749568
LEU727 B,0.03476428700526206
PRO728 B,0.037458100094314835
VAL729 B,0.04476427750197697
SER730 B,0.03076709192700142
MET731 B,0.019596642222699558
THR732 B,0.008921582605423478
LYS733 B,0.008334277926443057
THR734 B,0.003682468875511554
SER735 B,0.004130274174827421
VAL736 B,0.0016917236872060636
ASP737 B,0.0011775781329691527
CYS738 B,0.0011414548559095605
THR739 B,0.00053695754092602
MET740 B,0.0004922826184511425
TYR741 B,0.000875796134991751
ILE742 B,0.00042661707990976046
CYS743 B,0.0003261546757063868
GLY744 B,0.00038162475750714865
ASP745 B,0.0001000621205341465
SER746 B,0.0001288688256882694
THR747 B,8.512784150157002e-05
GLU748 B,6.282306648840539e-05
CYS749 B,0.00015997260681047007
SER750 B,0.0001676127660220322
ASN751 B,8.584978529033574e-05
LEU752 B,0.00014647782459743897
LEU753 B,0.0002522798184743394
LEU754 B,0.0001151175411261505
GLN755 B,0.00017135307147329648
TYR756 B,0.00038957668239065357
GLY757 B,0.00034628200926419483
SER758 B,0.000420833765649298
PHE759 B,0.00046219409447704937
CYS760 B,0.000813130201425959
THR761 B,0.0007393029141585417
GLN762 B,0.0008112957852496757
LEU763 B,0.0016510778420182237
ASN764 B,0.0021525101577850427
ARG765 B,0.0014747245523517446
ALA766 B,0.002690764590701204
LEU767 B,0.004695904234070814
THR768 B,0.0033724362431044193
GLY769 B,0.003298796578380075
ILE770 B,0.00749162982240091
ALA771 B,0.008925795582188903
VAL772 B,0.006451744352994094
GLU773 B,0.008351406655514619
GLN774 B,0.019934759502707348
ASP775 B,0.017662571099601187
LYS776 B,0.011981085565959516
ASN777 B,0.03314997185632338
THR778 B,0.03319990575771542
GLN779 B,0.021411400567396585
GLU780 B,0.02902258781172398
VAL781 B,0.04739019795007136
PHE782 B,0.03693637176706455
ALA783 B,0.025221692134771073
GLN784 B,0.022937099287111348
VAL785 B,0.047098607155211976
LYS786 B,0.011836569464559885
GLN787 B,0.023409454615987684
ILE788 B,0.045468044002653016
TYR789 B,0.05168985398415663
LYS790 B,0.04241648609487814
THR791 B,0.03850457422644273
PRO792 B,0.020497513941299502
PRO793 B,0.004711751621474757
ILE794 B,0.0028597636969352504
LYS795 B,0.008049461003178243
ASP796 B,0.007758181258423231
PHE797 B,0.015818205988552377
GLY798 B,0.015469657143322551
GLY799 B,0.005182567415632415
PHE800 B,0.008133932558613666
ASN801 B,0.007448592318835232
PHE802 B,0.006648158813746355
SER803 B,0.0073393323414791415
GLN804 B,0.009550553852284555
ILE805 B,0.017417545777987195
LEU806 B,0.022010148700724118
PRO807 B,0.013159632320371524
ASP808 B,0.007584500401099211
PRO809 B,0.0027921206185553453
SER810 B,0.001983900988517667
LYS811 B,0.003697092459110625
PRO812 B,0.0012868106475501966
SER813 B,0.0029048938269362196
LYS814 B,0.010730043985185804
ARG815 B,0.012516441647903507
SER816 B,0.012478642164607208
PHE817 B,0.011520347775384342
ILE818 B,0.010920102574041765
GLU819 B,0.0171497541191527
ASP820 B,0.007430122815077146
LEU821 B,0.007004812247167071
LEU822 B,0.013558503052558202
PHE823 B,0.008456094009189005
ASN824 B,0.003960529371205925
LYS825 B,0.004581685983222759
VAL826 B,0.008027954619067993
THR827 B,0.003108812426576331
LYS854 B,0.0004646676711610265
PHE855 B,0.00025971015812585477
ASN856 B,0.00042638721073519104
GLY857 B,0.0008815465187494366
LEU858 B,0.0015967317326667052
THR859 B,0.0016853105158284817
VAL860 B,0.0030647154942429504
LEU861 B,0.005798154134344754
PRO862 B,0.0036117478191902536
PRO863 B,0.009784838296249897
LEU864 B,0.006194761158511409
LEU865 B,0.016265508862452375
THR866 B,0.00808259050054999
ASP867 B,0.008046782075811413
GLU868 B,0.012487234330420057
MET869 B,0.015185466309774614
ILE870 B,0.02233055439707994
ALA871 B,0.02572119150373238
GLN872 B,0.024823924884019726
TYR873 B,0.041769225357655475
THR874 B,0.041877330792747934
SER875 B,0.04567546591198899
ALA876 B,0.051512530790297203
LEU877 B,0.0800759107149702
LEU878 B,0.049455143856783935
ALA879 B,0.05469835805192511
GLY880 B,0.08625413239662934
THR881 B,0.08301720144025276
ILE882 B,0.04385523462627343
THR883 B,0.0816820579772194
SER884 B,0.07922004309353525
GLY885 B,0.09111584643992333
TRP886 B,0.07117916018685856
THR887 B,0.0528180794140577
PHE888 B,0.07624579561948383
GLY889 B,0.08470938918748003
ALA890 B,0.048470640362492504
GLY891 B,0.04995199409876408
ALA892 B,0.03660867405098664
ALA893 B,0.06643516446810296
LEU894 B,0.06535140017724483
GLN895 B,0.06331400582100719
ILE896 B,0.06528039913684633
PRO897 B,0.046306189709809494
PHE898 B,0.0340586132151876
ALA899 B,0.019954856649983456
MET900 B,0.022359312190062344
GLN901 B,0.04163491368213629
MET902 B,0.023257229685192074
ALA903 B,0.02225203706650183
TYR904 B,0.016907205423670666
ARG905 B,0.03627523084649397
PHE906 B,0.02514713057350264
ASN907 B,0.016403121889856657
GLY908 B,0.024323682406019183
ILE909 B,0.031232665409084176
GLY910 B,0.011841673423935663
VAL911 B,0.017759436790098403
THR912 B,0.011876423381217827
GLN913 B,0.013924842743478629
ASN914 B,0.007490310692994625
VAL915 B,0.00742559990666809
LEU916 B,0.013678983826620736
TYR917 B,0.0111145213755959
GLU918 B,0.004857394144624446
ASN919 B,0.005383761797494268
GLN920 B,0.008451932886406735
LYS921 B,0.003975999419036787
LEU922 B,0.00448564653140622
ILE923 B,0.01251317448479372
ALA924 B,0.009478679963546644
ASN925 B,0.006726309253510685
GLN926 B,0.014279320793210535
PHE927 B,0.017651886013208794
ASN928 B,0.008573600896714965
SER929 B,0.00594168735365962
ALA930 B,0.01641085922113491
ILE931 B,0.010176351860714335
GLY932 B,0.005408016345682114
LYS933 B,0.004464032666422868
ILE934 B,0.014190718742820723
GLN935 B,0.004949748195768716
ASP936 B,0.003366259874455994
SER937 B,0.0032610794567678215
LEU938 B,0.005310707246171025
SER939 B,0.0023594746528647877
SER940 B,0.0015265331293637845
THR941 B,0.001585736547699695
ALA942 B,0.0031443176918530182
SER943 B,0.001592041617167803
ALA944 B,0.0031439238710416206
LEU945 B,0.009994607610637215
GLY946 B,0.004148935673668934
LYS947 B,0.013611181385618495
LEU948 B,0.021601665336878333
GLN949 B,0.006148091592901866
ASP950 B,0.0053610556691932884
VAL951 B,0.011126727385982303
VAL952 B,0.007568430288713816
ASN953 B,0.0031557703277595595
GLN954 B,0.0028805639156654138
ASN955 B,0.00547864606434156
ALA956 B,0.0016775896002946555
GLN957 B,0.0013861914813587597
ALA958 B,0.0013392390933877323
LEU959 B,0.001032964343456503
ASN960 B,0.000596893664421752
THR961 B,0.0005499520799268494
LEU962 B,0.0007121113102399082
VAL963 B,0.00040012350273010885
LYS964 B,0.00038084960150971926
GLN965 B,0.00047168220480858634
LEU966 B,0.00028019321443006597
SER967 B,0.0002567143306865519
SER968 B,0.00026080746817295895
ASN969 B,0.0002020772292763189
PHE970 B,0.00023364556066527654
GLY971 B,0.00016253024831749843
ALA972 B,0.00015257181253780055
ILE973 B,8.11433991800465e-05
SER974 B,9.820043318160654e-05
SER975 B,0.00020110925068459726
VAL976 B,7.666303452523137e-05
LEU977 B,0.0001140778068345856
ASN978 B,5.778874561176029e-05
ASP979 B,5.910939505027588e-05
ILE980 B,9.962097108707495e-05
LEU981 B,5.1408516832190475e-05
SER982 B,5.907636876648188e-05
ARG983 B,6.638340366754815e-05
LEU984 B,5.489242779024881e-05
ASP985 B,3.871708259533897e-05
PRO986 B,3.2236314894503716e-05
PRO987 B,3.049435086784822e-05
GLU988 B,4.2265761851563656e-05
ALA989 B,7.461963859318105e-05
GLU990 B,9.035135758353733e-05
VAL991 B,6.351690426024716e-05
GLN992 B,0.00013287098460148988
ILE993 B,0.00015641277772035275
ASP994 B,0.0001249255994013129
ARG995 B,0.00019502845493976818
LEU996 B,0.0002834773407014688
ILE997 B,0.00030568539796644163
THR998 B,0.00020873578312665585
GLY999 B,0.0003041208576632522
ARG1000 B,0.000489702899607319
LEU1001 B,0.0005809763135917352
GLN1002 B,0.0003859153566422904
SER1003 B,0.0006272472978308021
LEU1004 B,0.0009695355024622211
GLN1005 B,0.0009408508843578743
THR1006 B,0.0008983675047186653
TYR1007 B,0.0013348426039630171
VAL1008 B,0.0023823125937158327
THR1009 B,0.0023316345334465772
GLN1010 B,0.0021779821611564894
GLN1011 B,0.004088029812003335
LEU1012 B,0.005422584063824684
ILE1013 B,0.005686981931686803
ARG1014 B,0.005792118401127993
ALA1015 B,0.01067222894324213
ALA1016 B,0.009651074999386835
GLU1017 B,0.010467845208701481
ILE1018 B,0.025417161036163916
ARG1019 B,0.02726829685473103
ALA1020 B,0.015295865624307774
SER1021 B,0.029054118984673777
ALA1022 B,0.048067261179358195
ASN1023 B,0.032879307341531334
LEU1024 B,0.024639656850903413
ALA1025 B,0.049394596139307446
ALA1026 B,0.0423710191391576
THR1027 B,0.05190179630689875
LYS1028 B,0.05675215560230641
MET1029 B,0.06291931609343974
SER1030 B,0.08002461641389591
GLU1031 B,0.08147667078162726
CYS1032 B,0.07593004827092234
VAL1033 B,0.08412718804395594
LEU1034 B,0.09506922237552015
GLY1035 B,0.07930238467814847
GLN1036 B,0.07098678004968673
SER1037 B,0.06642340868717037
LYS1038 B,0.030830804234235322
ARG1039 B,0.03996543292655906
VAL1040 B,0.08163443640535387
ASP1041 B,0.05778550908552521
PHE1042 B,0.058146146739496384
CYS1043 B,0.06461566810067956
GLY1044 B,0.0526270577713803
LYS1045 B,0.06369548555960584
GLY1046 B,0.05535443006978048
TYR1047 B,0.04692620210374422
HIS1048 B,0.07383849656828076
LEU1049 B,0.06140936710838234
MET1050 B,0.06691255771470936
SER1051 B,0.05530328510560576
PHE1052 B,0.05737080280373452
PRO1053 B,0.05706005960042625
GLN1054 B,0.03550262750646183
SER1055 B,0.030340019373575295
ALA1056 B,0.02064700618791677
PRO1057 B,0.015596488101309291
HIS1058 B,0.022857182612964884
GLY1059 B,0.03003850098918033
VAL1060 B,0.042070928575444325
VAL1061 B,0.03436016905174886
PHE1062 B,0.0407979647565702
LEU1063 B,0.04244003946254454
HIS1064 B,0.06709443651570537
VAL1065 B,0.052937755591252085
THR1066 B,0.06325411377009084
TYR1067 B,0.043583143811909315
VAL1068 B,0.03953626646788859
PRO1069 B,0.0341124247565894
ALA1070 B,0.020637181558257413
GLN1071 B,0.012519455279473827
GLU1072 B,0.01652050796007118
LYS1073 B,0.013017609617718624
ASN1074 B,0.016876356800048765
PHE1075 B,0.02049471765007255
THR1076 B,0.01658464807328426
THR1077 B,0.018302260963650216
ALA1078 B,0.010677079852180934
PRO1079 B,0.012858286407943165
ALA1080 B,0.007012695958731467
ILE1081 B,0.006079006537840986
CYS1082 B,0.0045704886664972594
HIS1083 B,0.002940528121415921
ASP1084 B,0.0007368850879421032
GLY1085 B,0.001945398014314074
LYS1086 B,0.002710428047307334
ALA1087 B,0.005649642285238419
HIS1088 B,0.004332670881206613
PHE1089 B,0.006895525071656181
PRO1090 B,0.006692941286926446
ARG1091 B,0.002313414994700749
GLU1092 B,0.006479815328398032
GLY1093 B,0.005463291765009948
VAL1094 B,0.012065641911918716
PHE1095 B,0.010706442950611536
VAL1096 B,0.01683167244948271
SER1097 B,0.009104393343668752
ASN1098 B,0.006640517699522248
GLY1099 B,0.004960138229204147
THR1100 B,0.002262817450827038
HIS1101 B,0.0028249762298619
TRP1102 B,0.006612992629593374
PHE1103 B,0.007207281185601126
VAL1104 B,0.009570554795387995
THR1105 B,0.012283907543338577
GLN1106 B,0.013105426818383153
ARG1107 B,0.012413138880874496
ASN1108 B,0.013731919524635518
PHE1109 B,0.017763247676487612
TYR1110 B,0.014013655826941954
GLU1111 B,0.006646592406168296
PRO1112 B,0.007739105446090347
GLN1113 B,0.004041682700736451
ILE1114 B,0.003454043197935941
ILE1115 B,0.004225774130765379
THR1116 B,0.0015956508186247987
THR1117 B,0.001888025610266797
ASP1118 B,0.0009189117872992756
ASN1119 B,0.003623483454032014
THR1120 B,0.0038396013974282103
PHE1121 B,0.0030360347488839873
VAL1122 B,0.0025948880597187218
SER1123 B,0.0033329277241588577
GLY1124 B,0.002211256395715844
ASN1125 B,0.002816707282161197
CYS1126 B,0.0032444403086152357
ASP1127 B,0.0008866140446278657
VAL1128 B,0.0027917616945580285
VAL1129 B,0.005943579237058151
ILE1130 B,0.0033398096931932866
GLY1131 B,0.0040511079333136754
ILE1132 B,0.006234551688024923
VAL1133 B,0.0035356420965474574
ASN1134 B,0.0022260606429479928
ASN1135 B,0.002543920197731174
THR1136 B,0.0021703279441440504
VAL1137 B,0.0013968766593724126
TYR1138 B,0.0014023809669889862
ASP1139 B,0.0006081527007100774
PRO1140 B,0.0005225958935829268
LEU1141 B,8.03998648332961e-05
GLN1142 B,0.0001290888087665839
PRO1143 B,6.960452409950265e-05
GLU1144 B,7.884295978316871e-05
LEU1145 B,3.7806587466806114e-05
ASP1146 B,2.8088672559188056e-05
SER1147 B,1.8850236875521995e-05
ALA27 C,4.207940793680539e-06
TYR28 C,6.533674602326085e-06
THR29 C,9.21043753311115e-06
ASN30 C,9.64313151331743e-06
SER31 C,2.1511634188659674e-05
PHE32 C,1.3699541144438432e-05
THR33 C,1.8926044274377843e-05
ARG34 C,2.466228598642836e-05
GLY35 C,3.625949327414773e-05
VAL36 C,3.096318127045812e-05
TYR37 C,2.7294786654679805e-05
TYR38 C,2.3388405624423817e-05
PRO39 C,1.753778551130832e-05
ASP40 C,7.118045854628019e-06
LYS41 C,3.699137380105622e-05
VAL42 C,4.4478508603332535e-05
PHE43 C,4.441210089887122e-05
ARG44 C,4.0494746639801535e-05
SER45 C,2.5874106376921174e-05
SER46 C,3.2978648933480846e-05
VAL47 C,2.5386486808942675e-05
LEU48 C,6.887467442653033e-05
HIS49 C,4.066637174934133e-05
SER50 C,8.874440328313578e-05
THR51 C,5.4308377175384095e-05
GLN52 C,4.6870516456999844e-05
ASP53 C,5.0421456774061626e-05
LEU54 C,3.3110815402470384e-05
PHE55 C,4.206529922762637e-05
LEU56 C,3.8122913464357254e-05
PRO57 C,6.0170191228292216e-05
PHE58 C,4.52195535122917e-05
PHE59 C,1.393498096725783e-05
SER60 C,2.151595652705252e-05
ASN61 C,1.0175060581337307e-05
VAL62 C,1.86646147945395e-05
THR63 C,1.1057014263605994e-05
TRP64 C,1.1949745695634243e-05
PHE65 C,7.142123266992488e-06
HIS66 C,5.834531321003269e-06
ALA67 C,3.5284145052178268e-06
ILE68 C,2.004513323037201e-06
HIS69 C,3.8148408878782964e-07
ASP80 C,2.150265194979923e-06
ASN81 C,4.955161357764248e-06
PRO82 C,3.3933631268473623e-06
VAL83 C,7.490172978421706e-06
LEU84 C,7.484731961381232e-06
PRO85 C,7.547837678196875e-06
PHE86 C,1.9699847419287793e-05
ASN87 C,1.3839390471550519e-05
ASP88 C,2.067333741972959e-05
GLY89 C,3.340830311781191e-05
VAL90 C,2.944935056382158e-05
TYR91 C,4.011441509075052e-05
PHE92 C,2.6188726991247896e-05
ALA93 C,2.1315128931473657e-05
SER94 C,1.8100672347565707e-05
THR95 C,1.501875250995787e-05
GLU96 C,1.3996132434558343e-05
LYS97 C,7.434135958335372e-06
SER98 C,3.5901878544546087e-06
ASN99 C,6.197452179616927e-06
ILE100 C,6.434679177820978e-06
ILE101 C,1.0195395761000136e-05
ARG102 C,7.277013733342412e-06
GLY103 C,1.0636615827952851e-05
TRP104 C,1.4236872222060505e-05
ILE105 C,1.8327192207959986e-05
PHE106 C,1.9527717393483673e-05
GLY107 C,2.1289716066046284e-05
THR108 C,1.5720208929985094e-05
THR109 C,8.488151489835149e-06
LEU110 C,1.8702425257999067e-05
ASP111 C,7.418778964589215e-06
SER112 C,1.2688169565040595e-05
LYS113 C,6.975652468285546e-06
THR114 C,1.3030151129736842e-05
GLN115 C,1.6477710510762477e-05
SER116 C,2.2009279548079606e-05
LEU117 C,1.6663731714347726e-05
LEU118 C,1.676546061373562e-05
ILE119 C,1.110559407546038e-05
VAL120 C,8.57466787262771e-06
ASN121 C,5.38789003968536e-06
ASN122 C,3.844248229435497e-06
ALA123 C,8.967386034531518e-07
THR124 C,1.9538166452842176e-06
ASN125 C,2.7715945411548858e-06
VAL126 C,5.874361868419085e-06
VAL127 C,8.545897087274008e-06
ILE128 C,1.0914692838841096e-05
LYS129 C,1.0548965749021041e-05
VAL130 C,1.6105074429055745e-05
CYS131 C,1.3296854240927003e-05
GLU132 C,1.2437414498424206e-05
PHE133 C,1.2392214543710738e-05
GLN134 C,5.872368413193786e-06
PHE135 C,6.1350739278496095e-06
CYS136 C,2.2152067287159404e-06
ASN137 C,9.427521214632362e-07
ASP138 C,1.2647362152110341e-06
PRO139 C,2.446524682207484e-06
PHE140 C,3.16723005503539e-06
LEU141 C,3.0520807764872825e-06
GLY142 C,1.2958801213888287e-06
VAL143 C,1.2832014935984848e-06
ASN165 C,3.4183209376788507e-06
CYS166 C,9.24263315920929e-06
THR167 C,5.382627660267796e-06
PHE168 C,8.165856648830833e-06
GLU169 C,7.099140389370086e-06
TYR170 C,5.1344367691010385e-06
VAL171 C,3.869912655413727e-06
SER172 C,2.6693823703693754e-06
PHE186 C,1.0003870749562917e-05
LYS187 C,7.678996432259371e-06
ASN188 C,1.064804471853468e-05
LEU189 C,1.528432043089915e-05
ARG190 C,1.8343894492977362e-05
GLU191 C,2.5953917033450634e-05
PHE192 C,2.7338529636463865e-05
VAL193 C,3.523563944902673e-05
PHE194 C,2.7348297078283248e-05
LYS195 C,2.0984191062084967e-05
ASN196 C,1.7392542954490757e-05
ILE197 C,8.461759463391527e-06
ASP198 C,8.022950010925313e-06
GLY199 C,1.0198345480634072e-05
TYR200 C,1.2142187430518924e-05
PHE201 C,1.4779353028594732e-05
LYS202 C,2.0659174688499638e-05
ILE203 C,2.1669206610761674e-05
TYR204 C,2.5002531829067278e-05
SER205 C,2.3857792406201086e-05
LYS206 C,2.214116986737212e-05
HIS207 C,1.066484692876296e-05
THR208 C,7.799194155723746e-06
PRO209 C,5.208941672924105e-06
ILE210 C,6.208536206257551e-06
ASN211 C,3.989378551088397e-06
LEU212 C,3.9347637433652045e-06
VAL213 C,3.3491471643444555e-06
ARG214 C,1.1987950115063066e-06
ASP215 C,1.997834350422743e-06
LEU216 C,7.3069816610184695e-06
PRO217 C,2.187343156347499e-06
GLN218 C,8.51087120047975e-06
GLY219 C,8.394791399809751e-06
PHE220 C,1.6921956350330064e-05
SER221 C,2.087705478028393e-05
ALA222 C,3.230858945747037e-05
LEU223 C,2.9955015303403845e-05
GLU224 C,2.0775540647246797e-05
PRO225 C,1.9686964604539217e-05
LEU226 C,1.3766701092506126e-05
VAL227 C,1.0077296745799273e-05
ASP228 C,9.515947501283658e-06
LEU229 C,7.188928106835156e-06
PRO230 C,5.658499091353154e-06
ILE231 C,9.160467979386891e-06
GLY232 C,5.847597739368133e-06
ILE233 C,1.0304156166812133e-05
ASN234 C,7.256814631873407e-06
ILE235 C,1.5085517807756509e-05
THR236 C,1.3440777889411734e-05
ARG237 C,1.604304367335033e-05
PHE238 C,1.8579046996268774e-05
GLN239 C,1.1100758277331102e-05
THR240 C,1.0312988203482344e-05
LEU241 C,9.950841862156595e-06
LEU242 C,6.388306868919445e-06
ALA243 C,5.43336532266921e-06
LEU244 C,2.363896690933538e-06
HIS245 C,8.765428877068508e-07
ALA263 C,1.2694868959543236e-05
ALA264 C,1.031191476478942e-05
TYR265 C,1.5034054404044436e-05
TYR266 C,2.02372080926346e-05
VAL267 C,2.168005855055575e-05
GLY268 C,2.45004765178842e-05
TYR269 C,2.935520837829653e-05
LEU270 C,3.695711104728591e-05
GLN271 C,4.140171952395706e-05
PRO272 C,3.10745160416564e-05
ARG273 C,9.142626359055675e-05
THR274 C,9.19530776679125e-05
PHE275 C,0.00012115263507305965
LEU276 C,0.00013082993983002788
LEU277 C,7.764509273529421e-05
LYS278 C,5.339277423345222e-05
TYR279 C,5.4616380359476744e-05
ASN280 C,3.081076917806248e-05
GLU281 C,1.7656254285428948e-05
ASN282 C,1.9516659120456627e-05
GLY283 C,3.415031946356002e-05
THR284 C,2.278459427092276e-05
ILE285 C,4.479591540204258e-05
THR286 C,3.8833185130950974e-05
ASP287 C,3.968109883654836e-05
ALA288 C,6.659692502084471e-05
VAL289 C,0.00013904316268114128
ASP290 C,0.00015180898461763023
CYS291 C,0.0001942634928926536
ALA292 C,0.00015189660841352553
LEU293 C,0.00014990379809222344
ASP294 C,0.0001363805743776291
PRO295 C,0.00044235399942372427
LEU296 C,0.00041636918097126297
SER297 C,0.0002360720244584875
GLU298 C,0.00034325618437859655
THR299 C,0.0004887325223209479
LYS300 C,0.00024257595325098357
CYS301 C,0.00022477847623811827
THR302 C,0.00019540847583284122
LEU303 C,0.00013471540789349265
LYS304 C,0.00010676956190670118
SER305 C,0.00012826232960461888
PHE306 C,9.714295567842209e-05
THR307 C,0.000153674155793017
VAL308 C,0.0002418050340396186
GLU309 C,0.00034934169283517153
LYS310 C,0.0005696663467618575
GLY311 C,0.0009403723307314758
ILE312 C,0.0014654965027187433
TYR313 C,0.0005713300198681577
GLN314 C,0.0006584593634832852
THR315 C,0.0006149456620595824
SER316 C,0.0004587538433704322
ASN317 C,0.0003827431963016785
PHE318 C,0.0005212626525664082
ARG319 C,0.00019329517623693665
VAL320 C,0.00016781752244565213
GLN321 C,5.224190477068037e-05
PRO322 C,8.202524802706209e-05
THR323 C,3.2974558889176664e-05
GLU324 C,2.7199071923450843e-05
SER325 C,4.068280849688298e-05
ILE326 C,4.24560604194708e-05
VAL327 C,3.2466873532575115e-05
ARG328 C,3.7902299541712774e-05
PHE329 C,3.4410660710046466e-05
PRO330 C,2.025677366379592e-05
ASN331 C,9.648616665081073e-06
ILE332 C,2.6435157742255368e-05
THR333 C,1.9766004135589776e-05
ASN334 C,3.114903011253205e-05
LEU335 C,3.1646098973233636e-05
CYS336 C,6.846284050798881e-05
PRO337 C,1.9962058938338093e-05
PHE338 C,1.522739776230494e-05
GLY339 C,1.1789098128814783e-05
GLU340 C,8.462998090796817e-06
VAL341 C,4.590092670095616e-05
PHE342 C,1.7911547700695122e-05
ASN343 C,7.998767899098968e-06
ALA344 C,1.70344210503767e-05
THR345 C,7.657987625872919e-06
ARG346 C,1.0456360137706059e-05
PHE347 C,6.263101583873868e-05
ALA348 C,7.940403156543984e-05
SER349 C,8.279849365556638e-05
VAL350 C,9.15156834625265e-05
TYR351 C,5.123183029093501e-05
ALA352 C,5.654024214209197e-05
TRP353 C,8.273884690901897e-05
ASN354 C,7.295461618108994e-05
ARG355 C,6.348294573098621e-05
LYS356 C,6.550280968119526e-05
ARG357 C,5.8169142515152415e-05
ILE358 C,8.670370362373282e-05
SER359 C,7.473207487351347e-05
ASN360 C,5.166852241948136e-05
CYS361 C,7.581338813898035e-05
VAL362 C,6.611428690121448e-05
ALA363 C,6.766765868887573e-05
ASP364 C,4.3930556120524124e-05
TYR365 C,3.962893606227259e-05
SER366 C,1.9736015244536928e-05
VAL367 C,1.3472991981025025e-05
LEU368 C,1.323494362383065e-05
TYR369 C,2.192032629620805e-05
ASN370 C,8.187650038095467e-06
SER371 C,1.1309595495175438e-05
ALA372 C,1.0364601033166129e-05
SER373 C,1.3979752464994762e-05
PHE374 C,4.1989828092718055e-05
SER375 C,4.548110156783704e-05
THR376 C,4.781992966410274e-05
PHE377 C,5.60947247160501e-05
LYS378 C,3.9120359554786374e-05
CYS379 C,4.376554049079802e-05
TYR380 C,4.752026261248552e-05
GLY381 C,2.996638052022235e-05
VAL382 C,6.134903240843139e-05
SER383 C,4.54926176649687e-05
PRO384 C,3.936818459557025e-05
THR385 C,2.378192426253769e-05
LYS386 C,6.067449132289851e-05
LEU387 C,6.2384178722841e-05
ASN388 C,7.23045350509993e-05
ASP389 C,5.442912981851859e-05
LEU390 C,7.957438181813072e-05
CYS391 C,9.492679706041897e-05
PHE392 C,9.267613267840216e-05
THR393 C,9.607190503742126e-05
ASN394 C,8.853748372929842e-05
VAL395 C,0.00010539264648080743
TYR396 C,9.295179378841987e-05
ALA397 C,0.00011260082468731227
ASP398 C,0.00011329460671433692
SER399 C,0.0001262369083450076
PHE400 C,0.00011955786199053642
VAL401 C,0.0001109383950411967
ILE402 C,0.00010167709338372817
ARG403 C,6.643475733140426e-05
GLY404 C,7.382104865322772e-05
ASP405 C,2.4968901018355404e-05
GLU406 C,4.1981717791018155e-05
VAL407 C,7.534027318012008e-05
ARG408 C,1.6734734608619587e-05
GLN409 C,3.2691334701496766e-05
ILE410 C,5.2586761319529995e-05
ALA411 C,3.491400111361209e-05
PRO412 C,2.5383116513773335e-05
GLY413 C,1.0926430322822704e-05
GLN414 C,2.2748183409899715e-05
THR415 C,1.8965597212603744e-05
GLY416 C,2.118350655555628e-05
LYS417 C,1.9009406081570385e-05
ILE418 C,4.32635979747703e-05
ALA419 C,4.327329874920228e-05
ASP420 C,2.5990220120198365e-05
TYR421 C,2.747508930483767e-05
ASN422 C,5.150324980803138e-05
TYR423 C,5.0242993141334834e-05
LYS424 C,3.5587133023584176e-05
LEU425 C,3.2448918464216464e-05
PRO426 C,1.575545967553651e-05
ASP427 C,1.8244053309070212e-05
ASP428 C,9.398417796634522e-06
PHE429 C,3.6141455623605866e-05
THR430 C,4.583014217690245e-05
GLY431 C,7.56569309498285e-05
CYS432 C,7.702258919777726e-05
VAL433 C,9.830512801671068e-05
ILE434 C,9.084786395485959e-05
ALA435 C,9.888927330228672e-05
TRP436 C,7.219779406295741e-05
ASN437 C,7.728708904130693e-05
SER438 C,6.863978265177462e-05
ASN439 C,6.210169122688176e-05
ASN440 C,3.137495924359004e-05
LEU441 C,2.4131527737634652e-05
ASP442 C,4.21987827104815e-05
SER443 C,6.197189973061042e-05
LYS444 C,2.978627561912943e-05
GLY447 C,2.7161166399505374e-05
ASN448 C,4.146765183831994e-05
TYR449 C,3.04326108918434e-05
ASN450 C,2.7763461876545265e-05
TYR451 C,6.142603693430352e-05
LEU452 C,4.5463320722180145e-05
TYR453 C,4.360625156770531e-05
ARG454 C,4.0886337390163416e-05
LYS462 C,8.447229982306915e-06
PRO463 C,1.768396022793355e-05
PHE464 C,2.136061432260324e-05
GLU465 C,2.0976880644113144e-05
ARG466 C,3.569051843788222e-05
ASP467 C,2.3979580157107964e-05
ILE468 C,1.555662428011404e-05
TYR489 C,7.07789750430555e-07
PHE490 C,3.914105202975626e-06
PRO491 C,6.526178764307054e-06
LEU492 C,1.7505539864553235e-05
GLN493 C,1.858349488205201e-05
SER494 C,2.754338648091385e-05
TYR495 C,3.0955598553679214e-05
GLY496 C,2.7763559820334402e-05
PHE497 C,6.0278289676026446e-05
GLN498 C,4.0185421579792366e-05
PRO499 C,3.919828841289647e-05
THR500 C,4.358685750579751e-06
ASN501 C,3.4477386797313283e-05
VAL503 C,2.5050849639700696e-05
GLY504 C,3.0487995263741845e-05
TYR505 C,4.126293374108425e-05
GLN506 C,8.141775140084974e-05
PRO507 C,9.543725237479329e-05
TYR508 C,0.00011079267357713117
ARG509 C,0.00011343643847593696
VAL510 C,0.00013303672832283643
VAL511 C,0.00011278271483493073
VAL512 C,0.00010932183340257947
LEU513 C,0.00010383422523193565
SER514 C,8.954255056722831e-05
PHE515 C,8.041626852375085e-05
GLU516 C,5.939168557583181e-05
LEU517 C,4.342643547266499e-05
LEU518 C,3.199718667079479e-05
HIS519 C,3.925682950922112e-05
ALA520 C,4.918936004099921e-05
PRO521 C,3.8578202069394145e-05
ALA522 C,7.507574041977628e-05
THR523 C,7.861923626176434e-05
VAL524 C,0.00012105379799863045
CYS525 C,9.625862542121558e-05
GLY526 C,7.810976323342493e-05
PRO527 C,4.45767377097531e-05
LYS528 C,2.4239782927206044e-05
LYS529 C,1.3468558064913752e-05
SER530 C,2.0953394183198517e-05
THR531 C,1.50021226233392e-05
ASN532 C,1.6991641196755824e-05
LEU533 C,1.622285428525934e-05
VAL534 C,2.8038259336847836e-05
LYS535 C,2.6826280611961687e-05
ASN536 C,3.012683418983372e-05
LYS537 C,4.499641916793744e-05
CYS538 C,8.829862188317339e-05
VAL539 C,7.39123266148896e-05
ASN540 C,6.454275080037418e-05
PHE541 C,5.700565014368319e-05
ASN542 C,4.915146500685083e-05
PHE543 C,4.506704015461976e-05
ASN544 C,5.8841532065353095e-05
GLY545 C,4.629928506285416e-05
LEU546 C,5.2847487994745074e-05
THR547 C,5.42221599235897e-05
GLY548 C,3.8138980255361474e-05
THR549 C,8.287124366267664e-05
GLY550 C,8.573677832021437e-05
VAL551 C,7.741081162813547e-05
LEU552 C,6.194077961070571e-05
THR553 C,3.626812148120946e-05
GLU554 C,2.2386516684919014e-05
SER555 C,1.7279404603626832e-05
ASN556 C,6.979344677126962e-06
LYS557 C,1.0083077763069084e-05
LYS558 C,1.11819204836333e-05
PHE559 C,2.630417676058049e-05
LEU560 C,1.302193195534599e-05
PRO561 C,1.2034058420905097e-05
PHE562 C,2.8397879130998657e-05
GLN563 C,3.977996997279795e-05
GLN564 C,4.8175842574382124e-05
PHE565 C,6.164434933995525e-05
GLY566 C,5.132767440139097e-05
ARG567 C,8.902633620771579e-05
ASP568 C,6.006847560175316e-05
ILE569 C,0.00013263405810389097
ALA570 C,0.00020303798405397274
ASP571 C,0.00011722524694480707
THR572 C,6.294307080757722e-05
THR573 C,5.6256484264401763e-05
ASP574 C,5.578034094332639e-05
ALA575 C,4.892082604661731e-05
VAL576 C,5.498495833018068e-05
ARG577 C,3.128134383757931e-05
ASP578 C,2.750536252614601e-05
PRO579 C,3.0952462086567535e-05
GLN580 C,1.530886728715968e-05
THR581 C,1.065416733314255e-05
LEU582 C,1.4572033703468588e-05
GLU583 C,1.1351109572597212e-05
ILE584 C,3.3307143471595306e-05
LEU585 C,3.891714044330949e-05
ASP586 C,4.751977789526761e-05
ILE587 C,6.225141888103061e-05
THR588 C,5.019349753773362e-05
PRO589 C,8.640238424199321e-05
CYS590 C,0.00012243176321428593
SER591 C,0.0002792547918986101
PHE592 C,0.0003193556354295959
GLY593 C,0.0007492435614502148
GLY594 C,0.0009649624766094897
VAL595 C,0.0009339027077512642
SER596 C,0.0011034968084446327
VAL597 C,0.0010814175801924504
ILE598 C,0.001408048509625041
THR599 C,0.0008174897940137103
PRO600 C,0.0008134182715257876
GLY601 C,0.00034237705340421973
THR602 C,0.0003799135088562584
ASN603 C,7.243950141169092e-05
THR604 C,0.0001951094494953715
SER605 C,0.00021844230369609237
ASN606 C,0.0003893296882573744
GLN607 C,0.0005472032031277002
VAL608 C,0.0008763092895059263
ALA609 C,0.0011257030822857397
VAL610 C,0.001033032776184455
LEU611 C,0.0012249143144457146
TYR612 C,0.001269130137603377
GLN613 C,0.0012203868302515096
ASP614 C,0.00179721512168114
VAL615 C,0.000796819789571592
ASN616 C,0.0006368298394367932
CYS617 C,0.00047963633080709144
THR618 C,9.819810964009131e-05
GLU619 C,0.00023923125785099654
VAL620 C,0.0003324118469784317
ASN641 C,0.0006415763982735656
VAL642 C,0.0008709254623099207
PHE643 C,0.0010138352409365925
GLN644 C,0.0008444500260398518
THR645 C,0.001917765019925846
ARG646 C,0.0020561691893683843
ALA647 C,0.0032979670610577146
GLY648 C,0.001325064415081286
CYS649 C,0.0016502845809855749
LEU650 C,0.0013178653703808045
ILE651 C,0.0009225473243281944
GLY652 C,0.0008380628986012227
ALA653 C,0.0015451204874595537
GLU654 C,0.000998656412482678
HIS655 C,0.0010149090926358246
VAL656 C,0.0009877574908170534
ASN657 C,0.0008346127301478603
ASN658 C,0.0008028447797941489
SER659 C,0.0019670843046393606
TYR660 C,0.0016805564079103177
GLU661 C,0.0040323091530949555
CYS662 C,0.0022209340060294486
ASP663 C,0.0015660273462803657
ILE664 C,0.001904949552274074
PRO665 C,0.0030768642883395466
ILE666 C,0.003848794398773083
GLY667 C,0.0067203941568617104
ALA668 C,0.0060111929312200475
GLY669 C,0.007859731827604693
ILE670 C,0.004323914516734429
CYS671 C,0.004120219502283303
ALA672 C,0.0028395814830524967
SER673 C,0.0013993947581303278
TYR674 C,0.0007550936036725616
GLN675 C,0.0005091566194868397
THR676 C,0.00017460143274981187
SER689 C,7.863472831225133e-05
GLN690 C,0.0002882757671759371
SER691 C,0.0006016138331736299
ILE692 C,0.0014070021514328086
ILE693 C,0.0013306389006539985
ALA694 C,0.0021679420149378296
TYR695 C,0.0024879649918400646
THR696 C,0.0027737999891554797
MET697 C,0.004672238407555035
SER698 C,0.003643411352928543
LEU699 C,0.017464689423001035
GLY700 C,0.01052497463805294
ALA701 C,0.012796059653549248
GLU702 C,0.01559967271567669
ASN703 C,0.02460639924318751
SER704 C,0.02303764410484163
VAL705 C,0.06734012541147742
ALA706 C,0.01344424201569384
TYR707 C,0.0453760374724726
SER708 C,0.025985688361539465
ASN709 C,0.027156714795646904
ASN710 C,0.022394004947180354
SER711 C,0.03825333743649568
ILE712 C,0.0381270575767002
ALA713 C,0.03228355175444795
ILE714 C,0.024977266083426552
PRO715 C,0.019867691837687013
THR716 C,0.0184773681929138
ASN717 C,0.015865845447192297
PHE718 C,0.022356704818031932
THR719 C,0.021327299649819026
ILE720 C,0.03215945811287307
SER721 C,0.030194438715330993
VAL722 C,0.035223270347822466
THR723 C,0.029350673393112134
THR724 C,0.0317011011899744
GLU725 C,0.030508866564087554
ILE726 C,0.026481030067557795
LEU727 C,0.03476428641854924
PRO728 C,0.037458099421667744
VAL729 C,0.04476427679426221
SER730 C,0.030767091343821093
MET731 C,0.01959664170213741
THR732 C,0.00892158217518183
LYS733 C,0.008334277460199763
THR734 C,0.003682468362293509
SER735 C,0.004130273517299544
VAL736 C,0.0016917228618642379
ASP737 C,0.0011775770510090396
CYS738 C,0.0011414533974467807
THR739 C,0.0005369560913569048
MET740 C,0.0004922811091625248
TYR741 C,0.0008757944039611193
ILE742 C,0.00042661492247824865
CYS743 C,0.0003261519499615803
GLY744 C,0.00038162344576208825
ASP745 C,0.00010005937144727157
SER746 C,0.00012886603716961536
THR747 C,8.512680493249534e-05
GLU748 C,6.282210689085744e-05
CYS749 C,0.00015997028971607549
SER750 C,0.0001676115072400494
ASN751 C,8.58491178234683e-05
LEU752 C,0.00014647665539105044
LEU753 C,0.00025227851015239167
LEU754 C,0.00011511716975588788
GLN755 C,0.00017135280194919154
TYR756 C,0.0003895764588234768
GLY757 C,0.0003462818472231059
SER758 C,0.0004208336873529115
PHE759 C,0.0004621939736484156
CYS760 C,0.0008131294513552608
THR761 C,0.0007393025469108114
GLN762 C,0.0008112955351606734
LEU763 C,0.0016510770623141917
ASN764 C,0.0021525094343015578
ARG765 C,0.0014747242690857276
ALA766 C,0.0026907642002573437
LEU767 C,0.004695903558904368
THR768 C,0.003372435900384435
GLY769 C,0.003298796328270791
ILE770 C,0.007491629409214406
ALA771 C,0.008925795039093862
VAL772 C,0.006451744126794273
GLU773 C,0.008351406407486842
GLN774 C,0.019934758993454062
ASP775 C,0.01766257067150705
LYS776 C,0.01198108535165737
ASN777 C,0.03314997133464735
THR778 C,0.03319990526631018
GLN779 C,0.021411400302145243
GLU780 C,0.029022587490208435
VAL781 C,0.0473901974822637
PHE782 C,0.03693637151587674
ALA783 C,0.025221691942954778
GLN784 C,0.022937099190878572
VAL785 C,0.047098607194503095
LYS786 C,0.011836569413620619
GLN787 C,0.02340945457949908
ILE788 C,0.04546804389163542
TYR789 C,0.05168985394464204
LYS790 C,0.04241648607301941
THR791 C,0.038504574248406316
PRO792 C,0.02049751395737646
PRO793 C,0.004711751623279102
ILE794 C,0.0028597636979110145
LYS795 C,0.008049461002493624
ASP796 C,0.00775818125401277
PHE797 C,0.015818205947110205
GLY798 C,0.01546965710044299
GLY799 C,0.005182567350434916
PHE800 C,0.008133932426715647
ASN801 C,0.007448592192936774
PHE802 C,0.006648158736761684
SER803 C,0.0073393322758134
GLN804 C,0.009550553745153343
ILE805 C,0.017417545578195484
LEU806 C,0.02201014859599744
PRO807 C,0.013159632221922582
ASP808 C,0.007584500341424931
PRO809 C,0.002792120596390238
SER810 C,0.0019839009724621284
LYS811 C,0.0036970924271857823
PRO812 C,0.001286810637002699
SER813 C,0.002904893796939359
LYS814 C,0.010730043898007276
ARG815 C,0.012516441533942869
SER816 C,0.012478642044343671
PHE817 C,0.011520347663078651
ILE818 C,0.010920102428364014
GLU819 C,0.01714975389410234
ASP820 C,0.007430122722724629
LEU821 C,0.00700481214147472
LEU822 C,0.01355850284167481
PHE823 C,0.00845609387156332
ASN824 C,0.003960529303929241
LYS825 C,0.004581685899332868
VAL826 C,0.008027954461222321
THR827 C,0.0031088123357520324
LYS854 C,0.0004646672404533305
PHE855 C,0.00025970852378846246
ASN856 C,0.0004263858240396159
GLY857 C,0.0008815452500962143
LEU858 C,0.0015967308135648012
THR859 C,0.0016853100558661504
VAL860 C,0.003064715138888261
LEU861 C,0.005798153501178454
PRO862 C,0.003611747448036526
PRO863 C,0.009784837866500818
LEU864 C,0.006194760744087721
LEU865 C,0.016265508476226164
THR866 C,0.008082590262905823
ASP867 C,0.008046781972229083
GLU868 C,0.01248723418389044
MET869 C,0.015185466127790101
ILE870 C,0.02233055418037633
ALA871 C,0.02572119128735746
GLN872 C,0.024823924753748495
TYR873 C,0.04176922518109919
THR874 C,0.041877330508282976
SER875 C,0.04567546577203612
ALA876 C,0.05151253069667864
LEU877 C,0.08007591049117276
LEU878 C,0.04945514367792959
ALA879 C,0.054698358001020644
GLY880 C,0.08625413250126257
THR881 C,0.08301720141576793
ILE882 C,0.043855234652246874
THR883 C,0.08168205810957878
SER884 C,0.07922004330253792
GLY885 C,0.09111584665259136
TRP886 C,0.07117916040989108
THR887 C,0.05281807988105582
PHE888 C,0.07624579599349685
GLY889 C,0.0847093903298337
ALA890 C,0.048470641391363735
GLY891 C,0.049951995123056925
ALA892 C,0.036608674478337495
ALA893 C,0.06643516482384422
LEU894 C,0.06535140044646869
GLN895 C,0.06331400598179855
ILE896 C,0.06528039926010182
PRO897 C,0.04630618974620012
PHE898 C,0.034058613183344404
ALA899 C,0.01995485654278879
MET900 C,0.022359312112493285
GLN901 C,0.04163491360846192
MET902 C,0.02325722931983344
ALA903 C,0.02225203677201757
TYR904 C,0.01690720519654042
ARG905 C,0.0362752302094946
PHE906 C,0.025147129976950247
ASN907 C,0.01640312151348
GLY908 C,0.024323681902042624
ILE909 C,0.03123266440282829
GLY910 C,0.011841673021887555
VAL911 C,0.017759436161679975
THR912 C,0.011876423090574429
GLN913 C,0.013924842471299945
ASN914 C,0.0074903105823878255
VAL915 C,0.007425599740562582
LEU916 C,0.013678983557393849
TYR917 C,0.011114521246961
GLU918 C,0.004857394069525085
ASN919 C,0.005383761677804942
GLN920 C,0.00845193273807167
LYS921 C,0.003975999320593319
LEU922 C,0.004485646414971469
ILE923 C,0.012513174065933273
ALA924 C,0.00947867976145707
ASN925 C,0.0067263090747918634
GLN926 C,0.014279320277703237
PHE927 C,0.017651885459888113
ASN928 C,0.008573600675562594
SER929 C,0.005941687172598761
ALA930 C,0.016410858675861773
ILE931 C,0.010176351583288109
GLY932 C,0.005408016190496108
LYS933 C,0.004464032537848964
ILE934 C,0.014190718337035151
GLN935 C,0.004949748089210808
ASP936 C,0.0033662597852393413
SER937 C,0.003261079372934303
LEU938 C,0.00531070713205175
SER939 C,0.0023594746034591883
SER940 C,0.0015265330934958736
THR941 C,0.0015857365117577966
ALA942 C,0.003144317623504633
SER943 C,0.0015920415812037713
ALA944 C,0.0031439237994338146
LEU945 C,0.009994607404264434
GLY946 C,0.004148935566144762
LYS947 C,0.013611181095379649
LEU948 C,0.021601664881159742
GLN949 C,0.006148091392367838
ASP950 C,0.005361055463317369
VAL951 C,0.01112672701989101
VAL952 C,0.007568429906010942
ASN953 C,0.0031557700089431522
GLN954 C,0.0028805635074552615
ASN955 C,0.005478645433561361
ALA956 C,0.0016775889149481169
GLN957 C,0.0013861905743435476
ALA958 C,0.0013392378145964702
LEU959 C,0.0010329626291040908
ASN960 C,0.0005968913743542622
THR961 C,0.0005499489901429844
LEU962 C,0.0007121077043460665
VAL963 C,0.00040011646934690986
LYS964 C,0.00038084181470883835
GLN965 C,0.0004716751199712506
LEU966 C,0.00028018524240156905
SER967 C,0.0002567032949983592
SER968 C,0.0002608016852320441
ASN969 C,0.00020207136515648907
PHE970 C,0.00023364084110384932
GLY971 C,0.00016252670024960756
ALA972 C,0.00015256686693941013
ILE973 C,8.113965504483407e-05
SER974 C,9.819441256643059e-05
SER975 C,0.00020110100699881055
VAL976 C,7.665307337427822e-05
LEU977 C,0.00011407159691501745
ASN978 C,5.777739193632715e-05
ASP979 C,5.9097577238571815e-05
ILE980 C,9.960923749701372e-05
LEU981 C,5.139940505832044e-05
SER982 C,5.9057677348375455e-05
ARG983 C,6.63632470895933e-05
LEU984 C,5.48790186583358e-05
ASP985 C,3.87077491475333e-05
PRO986 C,3.223217941495203e-05
PRO987 C,3.0491663301833818e-05
GLU988 C,4.226164039348802e-05
ALA989 C,7.46105827916527e-05
GLU990 C,9.034823575909734e-05
VAL991 C,6.351385699899953e-05
GLN992 C,0.00013286534529847376
ILE993 C,0.00015640705280442428
ASP994 C,0.000124923055302421
ARG995 C,0.0001950239942375231
LEU996 C,0.0002834717535258954
ILE997 C,0.0003056822042670653
THR998 C,0.0002087336903906078
GLY999 C,0.00030411786260871933
ARG1000 C,0.0004896991123141281
LEU1001 C,0.0005809744104864703
GLN1002 C,0.00038591405055118764
SER1003 C,0.0006272447254577446
LEU1004 C,0.0009695338484408082
GLN1005 C,0.0009408499417319224
THR1006 C,0.0008983667613892578
TYR1007 C,0.0013348413977958553
VAL1008 C,0.0023823119264239283
THR1009 C,0.002331634149568023
GLN1010 C,0.002177981792987619
GLN1011 C,0.004088029356082
LEU1012 C,0.005422583818613258
ILE1013 C,0.005686981542797704
ARG1014 C,0.005792118198894806
ALA1015 C,0.010672228586698463
ALA1016 C,0.009651075057658635
GLU1017 C,0.010467844751748126
ILE1018 C,0.025417160584822813
ARG1019 C,0.027268296380592378
ALA1020 C,0.015295865402992036
SER1021 C,0.029054118516883023
ALA1022 C,0.048067260493799786
ASN1023 C,0.032879306991746175
LEU1024 C,0.02463965659526713
ALA1025 C,0.04939459555411625
ALA1026 C,0.042371018831293475
THR1027 C,0.051901796286915186
LYS1028 C,0.0567521548161206
MET1029 C,0.06291931578466783
SER1030 C,0.08002461685350531
GLU1031 C,0.08147667103393302
CYS1032 C,0.07593004749228754
VAL1033 C,0.08412718753629485
LEU1034 C,0.09506922262250982
GLY1035 C,0.07930238468369562
GLN1036 C,0.07098677920965583
SER1037 C,0.06642340694905788
LYS1038 C,0.030830803013066864
ARG1039 C,0.03996543090270237
VAL1040 C,0.08163443100704466
ASP1041 C,0.05778550529089885
PHE1042 C,0.05814614314045876
CYS1043 C,0.06461566570148077
GLY1044 C,0.052627055609516686
LYS1045 C,0.06369548183540806
GLY1046 C,0.05535442693337861
TYR1047 C,0.04692619977944886
HIS1048 C,0.07383849403741871
LEU1049 C,0.06140936541597099
MET1050 C,0.06691255652675092
SER1051 C,0.05530328399491187
PHE1052 C,0.05737080216865569
PRO1053 C,0.05706005900715067
GLN1054 C,0.03550262701038602
SER1055 C,0.030340018989626384
ALA1056 C,0.020647005853261454
PRO1057 C,0.015596487844162166
HIS1058 C,0.022857182163912394
GLY1059 C,0.030038500468132983
VAL1060 C,0.04207092792962836
VAL1061 C,0.03436016845501925
PHE1062 C,0.0407979640045331
LEU1063 C,0.04244003860002272
HIS1064 C,0.06709443465706856
VAL1065 C,0.05293775401100041
THR1066 C,0.06325411133167065
TYR1067 C,0.04358314198597855
VAL1068 C,0.039536264325062936
PRO1069 C,0.03411242253409218
ALA1070 C,0.020637180254091878
GLN1071 C,0.0125194544799523
GLU1072 C,0.016520506751716315
LYS1073 C,0.013017608621433654
ASN1074 C,0.01687635535412116
PHE1075 C,0.02049471591495928
THR1076 C,0.01658464665050703
THR1077 C,0.01830225943531795
ALA1078 C,0.01067707903565768
PRO1079 C,0.012858285473609229
ALA1080 C,0.007012695494303771
ILE1081 C,0.006079006131901303
CYS1082 C,0.004570488379990605
HIS1083 C,0.0029405279388470163
ASP1084 C,0.0007368850434877299
GLY1085 C,0.0019453978963349453
LYS1086 C,0.0027104278855077683
ALA1087 C,0.00564964193529527
HIS1088 C,0.004332670612538567
PHE1089 C,0.006895524656562456
PRO1090 C,0.006692940852272401
ARG1091 C,0.002313414854138683
GLU1092 C,0.006479814932262585
GLY1093 C,0.0054632914125506095
VAL1094 C,0.012065641080763885
PHE1095 C,0.010706442181584295
VAL1096 C,0.01683167112329443
SER1097 C,0.009104392617592756
ASN1098 C,0.006640517162839973
GLY1099 C,0.004960137818223456
THR1100 C,0.0022628172763431535
HIS1101 C,0.0028249760114000665
TRP1102 C,0.00661299214567303
PHE1103 C,0.0072072806729996
VAL1104 C,0.009570554156913779
THR1105 C,0.012283906731723164
GLN1106 C,0.013105426125144922
ARG1107 C,0.012413138138964825
ASN1108 C,0.013731918706213953
PHE1109 C,0.017763246571603747
TYR1110 C,0.014013654916042563
GLU1111 C,0.006646591997260792
PRO1112 C,0.007739104934523616
GLN1113 C,0.0040416824367423675
ILE1114 C,0.003454042965457287
ILE1115 C,0.00422577385319608
THR1116 C,0.0015956507200340741
THR1117 C,0.0018880254943891511
ASP1118 C,0.0009189117323757899
ASN1119 C,0.0036234832267197483
THR1120 C,0.003839601163149082
PHE1121 C,0.0030360345647592675
VAL1122 C,0.002594887904924798
SER1123 C,0.0033329275287758905
GLY1124 C,0.002211256267573029
ASN1125 C,0.0028167071120045488
CYS1126 C,0.003244440108939025
ASP1127 C,0.0008866139898405562
VAL1128 C,0.002791761529198126
VAL1129 C,0.005943578856691619
ILE1130 C,0.003339809473321878
GLY1131 C,0.0040511076502178995
ILE1132 C,0.006234551269494436
VAL1133 C,0.003535641855110936
ASN1134 C,0.0022260605007507596
ASN1135 C,0.0025439200299223618
THR1136 C,0.002170327806740845
VAL1137 C,0.0013968765721509618
TYR1138 C,0.0014023808782604905
ASP1139 C,0.000608152664167165
PRO1140 C,0.0005225958619352421
LEU1141 C,8.039986021775345e-05
GLN1142 C,0.00012908880125648151
PRO1143 C,6.960452010417124e-05
GLU1144 C,7.884295519768851e-05
LEU1145 C,3.7806585927685694e-05
ASP1146 C,2.80886709697814e-05
SER1147 C,1.885023587626414e-05
