,closeness
ALA27 A,0.0002206599196058472
TYR28 A,0.00024981135955103544
THR29 A,0.0003809293783280718
ASN30 A,0.0003313925740221527
SER31 A,0.00042624229128415534
PHE32 A,0.00032977011876340965
THR33 A,0.00035707768282161167
ARG34 A,0.00042334211913646415
GLY35 A,0.0003853512387114979
VAL36 A,0.00036482414838739734
TYR37 A,0.0003604015252677606
TYR38 A,0.00034933782691791963
PRO39 A,0.00020217213378042242
ASP40 A,0.00013785686400835946
LYS41 A,0.0003749595980081172
VAL42 A,0.000384601898614646
PHE43 A,0.00040874889719990726
ARG44 A,0.0003353435516886183
SER45 A,0.0003454275136485281
SER46 A,0.0003404485363190154
VAL47 A,0.00026887080261497567
LEU48 A,0.000330940440473164
HIS49 A,0.0002644853112750731
SER50 A,0.000327062972834063
THR51 A,0.00030288538428446614
GLN52 A,0.00026465002787742374
ASP53 A,0.00033681850179596303
LEU54 A,0.0002936907675518575
PHE55 A,0.0003584505688792414
LEU56 A,0.0004217831255354549
PRO57 A,0.00036123599766339846
PHE58 A,0.00033978262811157556
PHE59 A,0.0002837247649882936
SER60 A,0.00030860702042256064
ASN61 A,0.000325001475209791
VAL62 A,0.0004169672670727501
THR63 A,0.0003656990086060119
TRP64 A,0.00040389276100753936
PHE65 A,0.00035841321702509746
HIS66 A,0.0003221164822961564
ALA67 A,0.00033171638950140305
ILE68 A,0.00014830149961269224
HIS69 A,0.00012284891156423517
ASP80 A,0.00025347593071954394
ASN81 A,0.0002471145504976985
PRO82 A,0.0002274799691826774
VAL83 A,0.0002793774024725949
LEU84 A,0.0002451866134274527
PRO85 A,0.00023846060221288884
PHE86 A,0.00036206695980677174
ASN87 A,0.0002639968039898511
ASP88 A,0.00028917447549358185
GLY89 A,0.00041588027748078524
VAL90 A,0.00041605097393560713
TYR91 A,0.0004696272811750784
PHE92 A,0.00038167753577028943
ALA93 A,0.00035568465498380937
SER94 A,0.00040342131966478786
THR95 A,0.0005054352235361264
GLU96 A,0.0005048616998727497
LYS97 A,0.00032219930885795024
SER98 A,0.0001763478270693318
ASN99 A,0.0002842515005835893
ILE100 A,0.0003780711833103775
ILE101 A,0.00038842378350048063
ARG102 A,0.0004339928874010575
GLY103 A,0.00037777371310633036
TRP104 A,0.0003986463682114368
ILE105 A,0.0004252579212828585
PHE106 A,0.00042167004182770847
GLY107 A,0.0004993816227525557
THR108 A,0.00036412003271602385
THR109 A,0.0002758743365165313
LEU110 A,0.00047924247742982175
ASP111 A,0.00037703979677663314
SER112 A,0.0003852818463117078
LYS113 A,0.00024128711299777457
THR114 A,0.0003368167554704472
GLN115 A,0.0004386153569300097
SER116 A,0.0004925968081146972
LEU117 A,0.000388608872876748
LEU118 A,0.0004268211993617664
ILE119 A,0.00040859123163697125
VAL120 A,0.0003450288445593352
ASN121 A,0.00039216752636118447
ASN122 A,0.00029969431457647195
ALA123 A,0.0001518446400831333
THR124 A,0.0002279140731905276
ASN125 A,0.0003273200279410509
VAL126 A,0.00041570202196651807
VAL127 A,0.00048117912213512844
ILE128 A,0.0004166217663609496
LYS129 A,0.0003758696748208594
VAL130 A,0.00047673378010660216
CYS131 A,0.00041746911807929944
GLU132 A,0.00042890086819874626
PHE133 A,0.00034270955238363906
GLN134 A,0.00025411894091787823
PHE135 A,0.0003737401697977973
CYS136 A,0.0002930340120742523
ASN137 A,0.0001602160943689328
ASP138 A,0.00020214433635224545
PRO139 A,0.00030166515795136873
PHE140 A,0.0003765946513834722
LEU141 A,0.0003238730622414599
GLY142 A,0.00025196903308427653
VAL143 A,0.0002520230154191566
ASN165 A,0.00017672506338095993
CYS166 A,0.0003047969761187122
THR167 A,0.0002525939591597881
PHE168 A,0.0003087557241356076
GLU169 A,0.0003178214845513357
TYR170 A,0.0002856626941167311
VAL171 A,0.0002543597397129334
SER172 A,0.0002685948082246486
PHE186 A,0.000448652727610866
LYS187 A,0.00037165997285538006
ASN188 A,0.0004366477492319151
LEU189 A,0.0004569909120589928
ARG190 A,0.00040235076760159524
GLU191 A,0.000383778177153619
PHE192 A,0.0003787852647835061
VAL193 A,0.0004407459939640068
PHE194 A,0.00038133400677604277
LYS195 A,0.0003633500495986833
ASN196 A,0.0003740725632731343
ILE197 A,0.00023907847649213724
ASP198 A,0.00025583335929098554
GLY199 A,0.00036205299520600807
TYR200 A,0.0004404562086698688
PHE201 A,0.00042327702008975853
LYS202 A,0.0004457227107910883
ILE203 A,0.0003995498441295552
TYR204 A,0.0003918507040045126
SER205 A,0.0003907695236771069
LYS206 A,0.0003606880009007817
HIS207 A,0.00027075378241834587
THR208 A,0.00023978312324083066
PRO209 A,0.00025193794494626846
ILE210 A,0.0003408262073503871
ASN211 A,0.0002629477889323033
LEU212 A,0.00038187011279338013
VAL213 A,0.00022976852779043808
ARG214 A,0.00015388696837353175
ASP215 A,0.00024573276833751343
LEU216 A,0.0003590206456824119
PRO217 A,0.0002426191532364987
GLN218 A,0.00025473639921639696
GLY219 A,0.0002597958204203769
PHE220 A,0.0002784758980640899
SER221 A,0.00030347134127523516
ALA222 A,0.0004344542069246737
LEU223 A,0.0004218664888913913
GLU224 A,0.00033137816475901845
PRO225 A,0.0003338911649663312
LEU226 A,0.0002672341485614921
VAL227 A,0.00023658526954060304
ASP228 A,0.0002787487275922173
LEU229 A,0.00024402343445545274
PRO230 A,0.0002537952802359735
ILE231 A,0.00035612217691801616
GLY232 A,0.00026348920500858774
ILE233 A,0.0002658467199082911
ASN234 A,0.00024383823148937966
ILE235 A,0.00032658849902214343
THR236 A,0.0003376162203876815
ARG237 A,0.00044766034723936157
PHE238 A,0.00047204177932457956
GLN239 A,0.00039120576850103944
THR240 A,0.0003901578260495468
LEU241 A,0.0004830346741427566
LEU242 A,0.0004142639583658217
ALA243 A,0.0004926779302721075
LEU244 A,0.0003311815671410711
HIS245 A,0.00020945572444235235
ALA263 A,0.0005894096163750874
ALA264 A,0.00037590706854775843
TYR265 A,0.000385419845719848
TYR266 A,0.0004081168875619444
VAL267 A,0.00036044962776052124
GLY268 A,0.00035934703574584074
TYR269 A,0.00038536181158835194
LEU270 A,0.00038608778358403795
GLN271 A,0.0003555309464328902
PRO272 A,0.0002660212001526153
ARG273 A,0.00039156170185769605
THR274 A,0.00036520535539060075
PHE275 A,0.0004230404007558614
LEU276 A,0.00045876580781281493
LEU277 A,0.00042976319251956593
LYS278 A,0.00040234926451688217
TYR279 A,0.0005491383970054699
ASN280 A,0.0003752129429747953
GLU281 A,0.00023716132656907278
ASN282 A,0.00032344976008749876
GLY283 A,0.00041682687972336
THR284 A,0.0003070659555691383
ILE285 A,0.00039884875494465045
THR286 A,0.0003675361599001336
ASP287 A,0.00026434368176938075
ALA288 A,0.0003206473802557664
VAL289 A,0.0003581606643545769
ASP290 A,0.0004200263076856079
CYS291 A,0.00041958423760768865
ALA292 A,0.00029282427878328635
LEU293 A,0.00028928875645451254
ASP294 A,0.0002274797235355971
PRO295 A,0.00031883343142243215
LEU296 A,0.0003313272413943507
SER297 A,0.0003901728467500762
GLU298 A,0.00046113044374079684
THR299 A,0.0004307141898358391
LYS300 A,0.00048080677878250275
CYS301 A,0.0004628756622111886
THR302 A,0.0002644489758157487
LEU303 A,0.00023377733508260208
LYS304 A,0.0003002263692574679
SER305 A,0.00031204626747951896
PHE306 A,0.0002328345830610206
THR307 A,0.00029757980215498953
VAL308 A,0.00035159849138334325
GLU309 A,0.00028129420624272447
LYS310 A,0.00026912669042270833
GLY311 A,0.0003373923896514793
ILE312 A,0.00035390776392478073
TYR313 A,0.00025488099808373586
GLN314 A,0.00028684315999361596
THR315 A,0.0003566926623682365
SER316 A,0.0002574856237462811
ASN317 A,0.00026765766307550295
PHE318 A,0.0003357656200175048
ARG319 A,0.00028024530088466385
VAL320 A,0.00031190138951965726
GLN321 A,0.00024070349533474673
PRO322 A,0.0004049861305211026
THR323 A,0.00023755006363651923
GLU324 A,0.00019876977018020694
SER325 A,0.00030173221796645525
ILE326 A,0.00046563223997079254
VAL327 A,0.00043648826163822965
ARG328 A,0.0005086420506883926
PHE329 A,0.00040013069861527924
PRO330 A,0.0002494811322666027
ASN331 A,0.00022648674946876306
ILE332 A,0.00024905491410659805
THR333 A,0.00021960975923736108
ASN334 A,0.00024368597552685417
LEU335 A,0.0002932152267336246
CYS336 A,0.00041998498239754714
PRO337 A,0.0002804288368634093
PHE338 A,0.00024158421880461216
GLY339 A,0.00030669108419710447
GLU340 A,0.00031449807948629366
VAL341 A,0.0004087546400853303
PHE342 A,0.00029677218264237545
ASN343 A,0.0002745241014678449
ALA344 A,0.0003561139487801526
THR345 A,0.00016285866648359958
ARG346 A,0.00015094244352059194
PHE347 A,0.00033658007495918074
ALA348 A,0.00038646768445113654
SER349 A,0.0004451792586419895
VAL350 A,0.0004730110537420943
TYR351 A,0.0004336309081669638
ALA352 A,0.00035365003685013173
TRP353 A,0.00036334730501180973
ASN354 A,0.0002940199993741406
ARG355 A,0.0002570157379104979
LYS356 A,0.00025616586895569607
ARG357 A,0.0002567981767051488
ILE358 A,0.00040108935459209406
SER359 A,0.0003210450279215828
ASN360 A,0.0003074458082454313
CYS361 A,0.0004517834986240388
VAL362 A,0.00046159181091230857
ALA363 A,0.0003688419955186625
ASP364 A,0.00040256401528304675
TYR365 A,0.0003592827720915498
SER366 A,0.0003064276811351387
VAL367 A,0.0002727023790702692
LEU368 A,0.0002740800398797639
TYR369 A,0.0003441697989347503
ASN370 A,0.0002872131610281091
SER371 A,0.00028406572443048886
ALA372 A,0.00019201265480727874
SER373 A,0.0001873875575051779
PHE374 A,0.0003344093939514097
SER375 A,0.00033468954810787066
THR376 A,0.00027314579676574033
PHE377 A,0.00034603678078260614
LYS378 A,0.0002332644034487614
CYS379 A,0.0003035990648587085
TYR380 A,0.00037859110842842277
GLY381 A,0.0002358248057058106
VAL382 A,0.00039898898420234085
SER383 A,0.00037753821387913637
PRO384 A,0.0003063949784177319
THR385 A,0.00024705044705733767
LYS386 A,0.0003963034700017569
LEU387 A,0.00040116407460472525
ASN388 A,0.0004835108559921987
ASP389 A,0.00033304811026661606
LEU390 A,0.0004169750429301139
CYS391 A,0.00045106739205215196
PHE392 A,0.00042168750134512055
THR393 A,0.0004937334858404909
ASN394 A,0.00038512888510572243
VAL395 A,0.0004135971220045518
TYR396 A,0.00038584397033574337
ALA397 A,0.000460246598985194
ASP398 A,0.00041529390939545993
SER399 A,0.0004989359781485439
PHE400 A,0.0004584365769313139
VAL401 A,0.00042402270719141895
ILE402 A,0.0003844359458339673
ARG403 A,0.0003760258492606203
GLY404 A,0.0004096176408776674
ASP405 A,0.00025213487789351146
GLU406 A,0.00030941541701877195
VAL407 A,0.00036499051769600313
ARG408 A,0.00021284284293349577
GLN409 A,0.0003518173260534199
ILE410 A,0.0004531929905894715
ALA411 A,0.00039966203043829697
PRO412 A,0.0003707337871365466
GLY413 A,0.00022148190382179604
GLN414 A,0.00028002234370896986
THR415 A,0.00029009174475860507
GLY416 A,0.0002804357014594264
LYS417 A,0.00029333260268753127
ILE418 A,0.00046049959545652703
ALA419 A,0.0004971137679269915
ASP420 A,0.00031835368700909274
TYR421 A,0.00031771506722740023
ASN422 A,0.0005021120311500377
TYR423 A,0.0004939577560603719
LYS424 A,0.00047776886058430434
LEU425 A,0.0003916939162874886
PRO426 A,0.0003008164885181229
ASP427 A,0.0002952132743122641
ASP428 A,0.00018146978863422568
PHE429 A,0.0003538772942881045
THR430 A,0.0003101054294590082
GLY431 A,0.0003950554710826114
CYS432 A,0.0004368778879047782
VAL433 A,0.00046427589462464205
ILE434 A,0.0004409847938015839
ALA435 A,0.00043409809973773777
TRP436 A,0.0003875425861680799
ASN437 A,0.0003673929604984876
SER438 A,0.0003755265250642589
ASN439 A,0.00037984014634623683
ASN440 A,0.00023923775337666487
LEU441 A,0.0002063332688340511
ASP442 A,0.00031005224090542983
SER443 A,0.0004594768778799028
LYS444 A,0.00032653296237954475
GLY447 A,0.00028583101483223023
ASN448 A,0.000393566894634605
TYR449 A,0.0003222311749575656
ASN450 A,0.00028484173138044924
TYR451 A,0.0004187541929375645
LEU452 A,0.0004494300968577019
TYR453 A,0.0003653862102355768
ARG454 A,0.00048130736162938707
LYS462 A,0.0001795838153976091
PRO463 A,0.00029107665131716034
PHE464 A,0.00037314003851393086
GLU465 A,0.00033879211278287807
ARG466 A,0.0003212335834114571
ASP467 A,0.0002494969495817759
ILE468 A,0.00017533629076275394
TYR489 A,0.00014235319759959512
PHE490 A,0.00016182373696024078
PRO491 A,0.0002680465838387964
LEU492 A,0.00028268262912025115
GLN493 A,0.00035612629790974197
SER494 A,0.0003325149606750909
TYR495 A,0.0003286789316061438
GLY496 A,0.0003272409705879206
PHE497 A,0.0004948026470716726
GLN498 A,0.00043888182170673875
PRO499 A,0.00031371857428288063
THR500 A,0.00010782320451000451
ASN501 A,0.0003257915647116645
VAL503 A,0.00020701033126324566
GLY504 A,0.00024451008873960787
TYR505 A,0.0003176986482476562
GLN506 A,0.0005239757506406713
PRO507 A,0.0004645106918499373
TYR508 A,0.000455492990636701
ARG509 A,0.0004238108609159433
VAL510 A,0.00044260193810229245
VAL511 A,0.0004347030385481607
VAL512 A,0.0003774630580618785
LEU513 A,0.00037943761968975333
SER514 A,0.00038825684761191297
PHE515 A,0.0003541730425175394
GLU516 A,0.0002956704930032795
LEU517 A,0.0002250595286564913
LEU518 A,0.0001958206183117939
HIS519 A,0.00029977718285510106
ALA520 A,0.0003680146584070498
PRO521 A,0.00030027719530465423
ALA522 A,0.0003141107136869019
THR523 A,0.00039436725326122803
VAL524 A,0.0005149935794562667
CYS525 A,0.0004897115833597884
GLY526 A,0.000434799814630842
PRO527 A,0.0003096303689563137
LYS528 A,0.00020374953579347125
LYS529 A,0.00021543544931798802
SER530 A,0.00033285794294251345
THR531 A,0.0002547531754555241
ASN532 A,0.000246858543201328
LEU533 A,0.0002498674543109781
VAL534 A,0.00027823348180327427
LYS535 A,0.00028060083877039276
ASN536 A,0.00023671977340393804
LYS537 A,0.0003023035555908941
CYS538 A,0.0004430474631871244
VAL539 A,0.0005162012164461468
ASN540 A,0.0004413204476769768
PHE541 A,0.00039806778499086907
ASN542 A,0.0004017140883259868
PHE543 A,0.0004047279792649997
ASN544 A,0.00035912618274662266
GLY545 A,0.00029018341702846174
LEU546 A,0.00035984819803367584
THR547 A,0.00036050000597023785
GLY548 A,0.0002608722826831562
THR549 A,0.0004047375047399999
GLY550 A,0.000465818845875456
VAL551 A,0.00047798648315955204
LEU552 A,0.00048168362587755215
THR553 A,0.0003480677855142906
GLU554 A,0.0002898327539353637
SER555 A,0.00024905219873979723
ASN556 A,0.00018537924749981405
LYS557 A,0.00021665544131112757
LYS558 A,0.0002661058862167962
PHE559 A,0.0003592590502465773
LEU560 A,0.00021208648795671128
PRO561 A,0.0001707391924477637
PHE562 A,0.00038107970565823013
GLN563 A,0.0004222679318152579
GLN564 A,0.00048385177859690655
PHE565 A,0.00046518797530355075
GLY566 A,0.0003982680037272891
ARG567 A,0.00043588022870949127
ASP568 A,0.00030152358445248586
ILE569 A,0.0002687773597041193
ALA570 A,0.0003345250362439515
ASP571 A,0.0003340536057157071
THR572 A,0.00027049400379722336
THR573 A,0.0003263205323109964
ASP574 A,0.00036324045587616833
ALA575 A,0.0003648803829049523
VAL576 A,0.00043077640382498393
ARG577 A,0.0003965219212596232
ASP578 A,0.0004032741712883944
PRO579 A,0.0003958024821343713
GLN580 A,0.00029968035634004843
THR581 A,0.00021884124859518513
LEU582 A,0.00025061461403582405
GLU583 A,0.0002176752242585195
ILE584 A,0.000527003160620758
LEU585 A,0.0004245837419854561
ASP586 A,0.000411044423468056
ILE587 A,0.000398278093532264
THR588 A,0.00029623640170966067
PRO589 A,0.0002788764492823786
CYS590 A,0.00040903734378026875
SER591 A,0.0003198204360133838
PHE592 A,0.000308650188507805
GLY593 A,0.0003701574756821758
GLY594 A,0.0004292413021978762
VAL595 A,0.0004204062277894392
SER596 A,0.0004155067435859408
VAL597 A,0.00047907082152644746
ILE598 A,0.000416067639720253
THR599 A,0.00044332644021829207
PRO600 A,0.0005020206531985061
GLY601 A,0.00041742881995695543
THR602 A,0.0004029521502324134
ASN603 A,0.00018761987609498297
THR604 A,0.00021150933513072587
SER605 A,0.0002616346095682371
ASN606 A,0.00031438659931810306
GLN607 A,0.0003133927056029398
VAL608 A,0.0003901528470462427
ALA609 A,0.0003853604168001034
VAL610 A,0.00037770242577784933
LEU611 A,0.0003764207128413572
TYR612 A,0.00046038372014766717
GLN613 A,0.0003514852927677065
ASP614 A,0.00036361870325477057
VAL615 A,0.00042059917405498534
ASN616 A,0.000344172946293496
CYS617 A,0.0002860362444380458
THR618 A,0.0001518698666262483
GLU619 A,0.00025239607001792776
VAL620 A,0.0002716658146969353
ASN641 A,0.00026683834922466935
VAL642 A,0.00033321035151754735
PHE643 A,0.00033104155781714996
GLN644 A,0.0003081543310348551
THR645 A,0.0002880518062166423
ARG646 A,0.0002630313872533295
ALA647 A,0.0003529906835277416
GLY648 A,0.00039948957189134466
CYS649 A,0.0005021013312646015
LEU650 A,0.0004201564498899462
ILE651 A,0.00032342547481151965
GLY652 A,0.0003262899168797407
ALA653 A,0.0004694644119786625
GLU654 A,0.0003800105185435929
HIS655 A,0.00031023766756775145
VAL656 A,0.0002821744508016541
ASN657 A,0.0002099153933439566
ASN658 A,0.00021295667392289648
SER659 A,0.0003262844958628631
TYR660 A,0.000285494186963079
GLU661 A,0.0002865580090903099
CYS662 A,0.0003035541512451071
ASP663 A,0.0002348334292063619
ILE664 A,0.0003611578586167395
PRO665 A,0.0003596418606760442
ILE666 A,0.0003489857524458096
GLY667 A,0.00041732975754693087
ALA668 A,0.0003892148920392188
GLY669 A,0.000388668526083566
ILE670 A,0.00042161756283424633
CYS671 A,0.00046541400756574126
ALA672 A,0.0004990708093863618
SER673 A,0.0003429390713311014
TYR674 A,0.00033974101581859937
GLN675 A,0.0002571148880472347
THR676 A,0.00025969596826917393
SER689 A,0.0001615698114918843
GLN690 A,0.00023389512913381445
SER691 A,0.00040096360737759153
ILE692 A,0.00048791967164640734
ILE693 A,0.00042594316319495
ALA694 A,0.0004007942311575831
TYR695 A,0.00046200411935852953
THR696 A,0.0003909413148223115
MET697 A,0.0003771219929146132
SER698 A,0.00032740356424670457
LEU699 A,0.0003373215441449374
GLY700 A,0.0002861385071544903
ALA701 A,0.00027822045133906424
GLU702 A,0.00023857636595984132
ASN703 A,0.00026217691117310645
SER704 A,0.00031730533693785694
VAL705 A,0.0004405133541808814
ALA706 A,0.00020921439462995214
TYR707 A,0.0003523927676757327
SER708 A,0.00030537280896308824
ASN709 A,0.0003354991713702758
ASN710 A,0.0002881847088758989
SER711 A,0.00041818191895436134
ILE712 A,0.00040983333821630914
ALA713 A,0.0003499909946701549
ILE714 A,0.0004185540990747248
PRO715 A,0.00038841633114667994
THR716 A,0.00039280812411179324
ASN717 A,0.0003222146937255853
PHE718 A,0.00031522708473031517
THR719 A,0.00031765836781350054
ILE720 A,0.0003758711392413312
SER721 A,0.0003442679836026241
VAL722 A,0.00037523437091271797
THR723 A,0.0002771931553189815
THR724 A,0.00030638238283989326
GLU725 A,0.000272202941808135
ILE726 A,0.0003447755473716731
LEU727 A,0.00036460932141547
PRO728 A,0.00046241762884872777
VAL729 A,0.0004473486071735707
SER730 A,0.0003955186470823869
MET731 A,0.0003847341899415552
THR732 A,0.0003309241297466682
LYS733 A,0.00035621428273791895
THR734 A,0.00033765807180918155
SER735 A,0.0004031196850733069
VAL736 A,0.0003381577712176717
ASP737 A,0.00033596271933202047
CYS738 A,0.00043835305819339785
THR739 A,0.0003728836971058624
MET740 A,0.0003505890517026412
TYR741 A,0.00041002452257760997
ILE742 A,0.0003316580419795581
CYS743 A,0.0004559392744627811
GLY744 A,0.00031141519682545724
ASP745 A,0.00020952591741209492
SER746 A,0.0003135087291561964
THR747 A,0.00025210857493777346
GLU748 A,0.0002477816668038383
CYS749 A,0.0003823166826388886
SER750 A,0.00035646328039162594
ASN751 A,0.0002873849345283217
LEU752 A,0.00038385525283605255
LEU753 A,0.0003722307227857645
LEU754 A,0.00024072483051103624
GLN755 A,0.00033467239160384445
TYR756 A,0.00047034185631902165
GLY757 A,0.0004020616159381118
SER758 A,0.00030674898987917995
PHE759 A,0.0002716817697220851
CYS760 A,0.00036724922375911073
THR761 A,0.0002739103515580537
GLN762 A,0.0002757020006416257
LEU763 A,0.00040928742513678633
ASN764 A,0.0004058295771765494
ARG765 A,0.0002770924423531979
ALA766 A,0.00033959874809944696
LEU767 A,0.0004696132574127151
THR768 A,0.00030280845602039316
GLY769 A,0.0002722858862530467
ILE770 A,0.0003989936418102596
ALA771 A,0.000428235014866584
VAL772 A,0.00026651219278779923
GLU773 A,0.00026197233232508007
GLN774 A,0.000411194886041231
ASP775 A,0.0003809245398013541
LYS776 A,0.0002597439832457963
ASN777 A,0.0003969627218227611
THR778 A,0.0003979562358964534
GLN779 A,0.00031672741199421814
GLU780 A,0.0003429754798143703
VAL781 A,0.0004218316131490967
PHE782 A,0.0003707955550812668
ALA783 A,0.00031909743257264124
GLN784 A,0.0002539390188378443
VAL785 A,0.00033526754762198355
LYS786 A,0.0002405668838139772
GLN787 A,0.00034054575637888817
ILE788 A,0.0005358711811286183
TYR789 A,0.0004199543749855907
LYS790 A,0.00035627709741646905
THR791 A,0.000394450968743603
PRO792 A,0.00034859157483660403
PRO793 A,0.00015228612356287056
ILE794 A,0.00015314722903070943
LYS795 A,0.00024128770215112877
ASP796 A,0.00027292131072967135
PHE797 A,0.00035625831495318005
GLY798 A,0.0003105605167995438
GLY799 A,0.0002961793360150231
PHE800 A,0.00031607597762905174
ASN801 A,0.00031895951874866214
PHE802 A,0.00024096379432699477
SER803 A,0.00024161076648968337
GLN804 A,0.00035030815955326
ILE805 A,0.0003736520448735698
LEU806 A,0.0004141267344295738
PRO807 A,0.0004012360580263264
ASP808 A,0.0003512323306046991
PRO809 A,0.00019108249670691537
SER810 A,0.00021678554342101993
LYS811 A,0.0002858572293525117
PRO812 A,0.00016768137932542305
SER813 A,0.00018605775443586108
LYS814 A,0.0005026733427103778
ARG815 A,0.00044366789937607667
SER816 A,0.0004273997457789629
PHE817 A,0.0003852428085383967
ILE818 A,0.0003421352394085069
GLU819 A,0.00040034086558093734
ASP820 A,0.00031515646510997384
LEU821 A,0.0003985386572794732
LEU822 A,0.0004527764051173654
PHE823 A,0.0003518874553070548
ASN824 A,0.00024979104084543236
LYS825 A,0.0002890613625075003
VAL826 A,0.00031367993935187084
THR827 A,0.0002540876399357711
LYS854 A,0.00021384149051937082
PHE855 A,0.0001761001064472332
ASN856 A,0.00028475765731658556
GLY857 A,0.00043101262798033693
LEU858 A,0.00039798384881901006
THR859 A,0.00027707407425691825
VAL860 A,0.0002685394391428103
LEU861 A,0.0003923172715347174
PRO862 A,0.0002949252602246505
PRO863 A,0.0003484458090278431
LEU864 A,0.00035194413465896977
LEU865 A,0.000422795958157142
THR866 A,0.000293575652124231
ASP867 A,0.00019640596849983
GLU868 A,0.0003554522547688466
MET869 A,0.0003312096478328182
ILE870 A,0.0003588741145554634
ALA871 A,0.00040076702041736914
GLN872 A,0.00032911313723335355
TYR873 A,0.00040763377806968037
THR874 A,0.00036743880364526523
SER875 A,0.00041097927746113323
ALA876 A,0.00040329052865599175
LEU877 A,0.000440578360274441
LEU878 A,0.0003314974477505833
ALA879 A,0.0003713767491430502
GLY880 A,0.00044256155383776125
THR881 A,0.00037242737451186633
ILE882 A,0.0002756863332863625
THR883 A,0.0004504199358465001
SER884 A,0.0004121152645038663
GLY885 A,0.0004359040793600831
TRP886 A,0.0003145776040734483
THR887 A,0.00029617491588418123
PHE888 A,0.000378695130221667
GLY889 A,0.00043754905440318565
ALA890 A,0.0003298340079445503
GLY891 A,0.0003278637013171869
ALA892 A,0.00023909451139173508
ALA893 A,0.00032135437528072207
LEU894 A,0.0003879262410803092
GLN895 A,0.00043716481336472174
ILE896 A,0.0004960415300926203
PRO897 A,0.0004835913628682762
PHE898 A,0.00035465105943692743
ALA899 A,0.00036012454290021916
MET900 A,0.0002848288627181131
GLN901 A,0.00033797538598202636
MET902 A,0.0003174714234534712
ALA903 A,0.00041873893359266876
TYR904 A,0.00028859500214780363
ARG905 A,0.0003383735858912475
PHE906 A,0.00041487609199754755
ASN907 A,0.0003215323608318932
GLY908 A,0.0002811145967468538
ILE909 A,0.0003094147105373319
GLY910 A,0.00029084158547444113
VAL911 A,0.0003863683520401832
THR912 A,0.00032690480744858926
GLN913 A,0.00035710266062356126
ASN914 A,0.0003002908698176681
VAL915 A,0.00030463691693560937
LEU916 A,0.000401174938906659
TYR917 A,0.00044951317779267096
GLU918 A,0.0003156496875487495
ASN919 A,0.0002810193142887355
GLN920 A,0.000343577365811467
LYS921 A,0.000250013609525529
LEU922 A,0.0002447017286929437
ILE923 A,0.0003763250783021478
ALA924 A,0.00043014063788169763
ASN925 A,0.00036168714603782796
GLN926 A,0.0003736504662239576
PHE927 A,0.0004420421507857851
ASN928 A,0.00039019242480068837
SER929 A,0.0002824889117024347
ALA930 A,0.0003708774755811466
ILE931 A,0.0003487174123663937
GLY932 A,0.0002864064287414198
LYS933 A,0.00029280295831561615
ILE934 A,0.00038585636243561495
GLN935 A,0.00036967864962658307
ASP936 A,0.0003045002501604918
SER937 A,0.00035210606153125403
LEU938 A,0.0004216601391761256
SER939 A,0.00030806013974425477
SER940 A,0.00022781145203804975
THR941 A,0.00027981046914875334
ALA942 A,0.00034946920920071636
SER943 A,0.00019063686469304058
ALA944 A,0.0003077230067714301
LEU945 A,0.0004001186291550125
GLY946 A,0.000307574988094685
LYS947 A,0.0003431473389123449
LEU948 A,0.0004708991121124827
GLN949 A,0.00036544355113815564
ASP950 A,0.0002893247658905869
VAL951 A,0.0003444631563937302
VAL952 A,0.00039466505273469486
ASN953 A,0.00029352071792472013
GLN954 A,0.00029372289122169367
ASN955 A,0.00035697561286003387
ALA956 A,0.00029645089323741006
GLN957 A,0.0002960179996425378
ALA958 A,0.00032660297317353563
LEU959 A,0.0002884657347714051
ASN960 A,0.00028662203173583986
THR961 A,0.0003180532591349556
LEU962 A,0.00038143850201944945
VAL963 A,0.00038554748406427236
LYS964 A,0.0004106754835380771
GLN965 A,0.0004345927184260983
LEU966 A,0.00033211545360668657
SER967 A,0.00039968998076872226
SER968 A,0.0003603296832781634
ASN969 A,0.0003952325425288075
PHE970 A,0.00035685319100458305
GLY971 A,0.0003306060573265226
ALA972 A,0.0003240314190843326
ILE973 A,0.00022853732881966633
SER974 A,0.0002967434793341944
SER975 A,0.00039501998874235885
VAL976 A,0.0003017551096319777
LEU977 A,0.0003336776183087463
ASN978 A,0.00033491447470392456
ASP979 A,0.0003314873175036922
ILE980 A,0.0004337574674151554
LEU981 A,0.0003398122796846878
SER982 A,0.0003585406521552344
ARG983 A,0.00039494877385388256
LEU984 A,0.00037197942159492334
ASP985 A,0.0003089332253755698
PRO986 A,0.00024081767259827357
PRO987 A,0.00029236749796569925
GLU988 A,0.0002794425834123119
ALA989 A,0.00041275881602404873
GLU990 A,0.0003904774177287347
VAL991 A,0.0002767280695515971
GLN992 A,0.0004045891566405507
ILE993 A,0.0003989570670004158
ASP994 A,0.0003048926083520423
ARG995 A,0.00039831378107513493
LEU996 A,0.0004611255382949908
ILE997 A,0.00039804998917849376
THR998 A,0.00026729710690695394
GLY999 A,0.0003286054364537211
ARG1000 A,0.00040031145894628764
LEU1001 A,0.0003676240447628516
GLN1002 A,0.0002737404139770777
SER1003 A,0.0003741002603920577
LEU1004 A,0.00037331640697573003
GLN1005 A,0.00030630448866640316
THR1006 A,0.0002759945241828514
TYR1007 A,0.00034610102882672765
VAL1008 A,0.0003744292318227227
THR1009 A,0.0003430847075630251
GLN1010 A,0.0002751367843406362
GLN1011 A,0.00033593224628367867
LEU1012 A,0.00040607109498580566
ILE1013 A,0.0003729625024657772
ARG1014 A,0.00026994494165894357
ALA1015 A,0.00032465628505862806
ALA1016 A,0.0002985897397693183
GLU1017 A,0.0002982894150072971
ILE1018 A,0.0003781910362060955
ARG1019 A,0.0003713569821950816
ALA1020 A,0.0002572335472751222
SER1021 A,0.00033781088070154665
ALA1022 A,0.0004823445606621585
ASN1023 A,0.00033553092367632613
LEU1024 A,0.00024698764745645775
ALA1025 A,0.00038188121940111174
ALA1026 A,0.00033022348889336116
THR1027 A,0.0003244560270855223
LYS1028 A,0.00032273607662068095
MET1029 A,0.0003464039763784652
SER1030 A,0.0004073704103341197
GLU1031 A,0.0004051129436359519
CYS1032 A,0.00037336865659961193
VAL1033 A,0.00039908020860537105
LEU1034 A,0.00039488927157238377
GLY1035 A,0.00034026560429128045
GLN1036 A,0.00038103371678501353
SER1037 A,0.00035119590318942977
LYS1038 A,0.00021064044573332677
ARG1039 A,0.000236934662728552
VAL1040 A,0.0004069731459548454
ASP1041 A,0.00032324756401983813
PHE1042 A,0.0003231667523027342
CYS1043 A,0.0003500811343280003
GLY1044 A,0.00035743553615584555
LYS1045 A,0.0003500124895384579
GLY1046 A,0.00032168493488864483
TYR1047 A,0.0003307372161138945
HIS1048 A,0.00044097073239139336
LEU1049 A,0.0004483564891856822
MET1050 A,0.0003449583893746557
SER1051 A,0.0003186447633156438
PHE1052 A,0.00035366541388512466
PRO1053 A,0.00038176782794208325
GLN1054 A,0.00040416582128861595
SER1055 A,0.0003742548379127285
ALA1056 A,0.00031540546189329953
PRO1057 A,0.00029135624187594266
HIS1058 A,0.00030786008574677304
GLY1059 A,0.00036771746241591745
VAL1060 A,0.00042290324914621947
VAL1061 A,0.0003660998235705661
PHE1062 A,0.0003292279020503551
LEU1063 A,0.0003622694787960431
HIS1064 A,0.0004432517923076473
VAL1065 A,0.0003875028185948063
THR1066 A,0.000412268874110393
TYR1067 A,0.0003623950886710878
VAL1068 A,0.0003678537014390063
PRO1069 A,0.0004765542744408428
ALA1070 A,0.00031814817346706865
GLN1071 A,0.00025886624508820403
GLU1072 A,0.0002891984751231089
LYS1073 A,0.0002596242626288982
ASN1074 A,0.00025676481571754384
PHE1075 A,0.0004053138195510633
THR1076 A,0.00037674416522773735
THR1077 A,0.000354057557754752
ALA1078 A,0.00039900470367835593
PRO1079 A,0.00046987780155725265
ALA1080 A,0.0004370103529611133
ILE1081 A,0.0004480861526655558
CYS1082 A,0.0005532682948452973
HIS1083 A,0.0003959328898750746
ASP1084 A,0.00013924348765302012
GLY1085 A,0.00024341058409973326
LYS1086 A,0.0004098661910300255
ALA1087 A,0.000524391489521253
HIS1088 A,0.0004135898607930779
PHE1089 A,0.00044383179302759834
PRO1090 A,0.00040151013440212967
ARG1091 A,0.00024180357802365494
GLU1092 A,0.00029506019416781636
GLY1093 A,0.0002648502671219461
VAL1094 A,0.00038530927995098104
PHE1095 A,0.00043061238708504227
VAL1096 A,0.00046385634928446
SER1097 A,0.00040184706268581296
ASN1098 A,0.0002925550048530013
GLY1099 A,0.00021458909392186985
THR1100 A,0.00017882184959527875
HIS1101 A,0.00022107746499784695
TRP1102 A,0.00039521999043969053
PHE1103 A,0.0003863699213120657
VAL1104 A,0.0004746605491816367
THR1105 A,0.0004671521661601709
GLN1106 A,0.0004269376677857799
ARG1107 A,0.0003560362394461044
ASN1108 A,0.0002861224427524912
PHE1109 A,0.00038487407436807957
TYR1110 A,0.00035427234523472057
GLU1111 A,0.00023090694211959172
PRO1112 A,0.00029696524092027413
GLN1113 A,0.00023745400795088925
ILE1114 A,0.0002841759734816123
ILE1115 A,0.0004346207824008289
THR1116 A,0.0003951349705858171
THR1117 A,0.0003832187622634579
ASP1118 A,0.00022474810943852696
ASN1119 A,0.00035307356258739017
THR1120 A,0.00043220793054422646
PHE1121 A,0.00035823696314998653
VAL1122 A,0.0002751913797315161
SER1123 A,0.0003104578670787692
GLY1124 A,0.00028431582164663315
ASN1125 A,0.00037565773353434156
CYS1126 A,0.00035472382147158356
ASP1127 A,0.00014088500271834399
VAL1128 A,0.0002892938644554007
VAL1129 A,0.00043261812193110433
ILE1130 A,0.00020419855146267132
GLY1131 A,0.00023474037550022574
ILE1132 A,0.0004121951479296261
VAL1133 A,0.00027405839555400154
ASN1134 A,0.0002414215973468331
ASN1135 A,0.00028227984573555014
THR1136 A,0.000284721792681966
VAL1137 A,0.0003002129033868889
TYR1138 A,0.00030435116948922416
ASP1139 A,0.0003421523978506455
PRO1140 A,0.0003571020404513486
LEU1141 A,0.0002853398457786
GLN1142 A,0.0003379710798076868
PRO1143 A,0.00035407206327061
GLU1144 A,0.00035311651545527487
LEU1145 A,0.0004110369534781396
ASP1146 A,0.00023835795770643935
SER1147 A,0.0002393135055217745
ALA27 B,0.0002206599196058472
TYR28 B,0.00024981135955103544
THR29 B,0.0003809293783280718
ASN30 B,0.0003313925740221527
SER31 B,0.00042624229128415534
PHE32 B,0.00032977011876340965
THR33 B,0.00035707768282161167
ARG34 B,0.00042334211913646415
GLY35 B,0.0003853512387114979
VAL36 B,0.00036482414838739734
TYR37 B,0.0003604015252677606
TYR38 B,0.00034933782691791963
PRO39 B,0.00020217213378042242
ASP40 B,0.00013785686400835946
LYS41 B,0.00037495959800811716
VAL42 B,0.000384601898614646
PHE43 B,0.00040874889719990726
ARG44 B,0.0003353435516886184
SER45 B,0.0003454275136485281
SER46 B,0.0003404485363190154
VAL47 B,0.0002688708026149756
LEU48 B,0.000330940440473164
HIS49 B,0.0002644853112750731
SER50 B,0.000327062972834063
THR51 B,0.00030288538428446614
GLN52 B,0.00026465002787742374
ASP53 B,0.00033681850179596303
LEU54 B,0.0002936907675518575
PHE55 B,0.0003584505688792414
LEU56 B,0.0004217831255354549
PRO57 B,0.00036123599766339846
PHE58 B,0.00033978262811157556
PHE59 B,0.0002837247649882936
SER60 B,0.00030860702042256064
ASN61 B,0.000325001475209791
VAL62 B,0.0004169672670727501
THR63 B,0.0003656990086060119
TRP64 B,0.00040389276100753936
PHE65 B,0.00035841321702509746
HIS66 B,0.0003221164822961564
ALA67 B,0.00033171638950140305
ILE68 B,0.00014830149961269224
HIS69 B,0.00012284891156423517
ASP80 B,0.00025347593071954394
ASN81 B,0.0002471145504976985
PRO82 B,0.0002274799691826774
VAL83 B,0.0002793774024725949
LEU84 B,0.0002451866134274527
PRO85 B,0.00023846060221288884
PHE86 B,0.00036206695980677174
ASN87 B,0.0002639968039898511
ASP88 B,0.00028917447549358185
GLY89 B,0.00041588027748078524
VAL90 B,0.00041605097393560713
TYR91 B,0.0004696272811750784
PHE92 B,0.00038167753577028943
ALA93 B,0.00035568465498380937
SER94 B,0.00040342131966478786
THR95 B,0.0005054352235361264
GLU96 B,0.0005048616998727497
LYS97 B,0.00032219930885795024
SER98 B,0.0001763478270693318
ASN99 B,0.0002842515005835893
ILE100 B,0.0003780711833103775
ILE101 B,0.00038842378350048063
ARG102 B,0.0004339928874010575
GLY103 B,0.00037777371310633036
TRP104 B,0.0003986463682114368
ILE105 B,0.0004252579212828585
PHE106 B,0.00042167004182770847
GLY107 B,0.0004993816227525557
THR108 B,0.00036412003271602385
THR109 B,0.0002758743365165313
LEU110 B,0.00047924247742982175
ASP111 B,0.00037703979677663314
SER112 B,0.0003852818463117078
LYS113 B,0.00024128711299777457
THR114 B,0.0003368167554704472
GLN115 B,0.0004386153569300097
SER116 B,0.0004925968081146972
LEU117 B,0.000388608872876748
LEU118 B,0.0004268211993617664
ILE119 B,0.00040859123163697125
VAL120 B,0.0003450288445593352
ASN121 B,0.00039216752636118447
ASN122 B,0.00029969431457647195
ALA123 B,0.0001518446400831333
THR124 B,0.0002279140731905276
ASN125 B,0.0003273200279410509
VAL126 B,0.00041570202196651807
VAL127 B,0.00048117912213512844
ILE128 B,0.0004166217663609496
LYS129 B,0.0003758696748208594
VAL130 B,0.00047673378010660216
CYS131 B,0.00041746911807929944
GLU132 B,0.00042890086819874626
PHE133 B,0.00034270955238363906
GLN134 B,0.00025411894091787823
PHE135 B,0.0003737401697977973
CYS136 B,0.0002930340120742523
ASN137 B,0.0001602160943689328
ASP138 B,0.00020214433635224545
PRO139 B,0.00030166515795136873
PHE140 B,0.0003765946513834722
LEU141 B,0.0003238730622414599
GLY142 B,0.00025196903308427653
VAL143 B,0.0002520230154191566
ASN165 B,0.00017672506338095993
CYS166 B,0.0003047969761187122
THR167 B,0.0002525939591597881
PHE168 B,0.0003087557241356076
GLU169 B,0.0003178214845513357
TYR170 B,0.0002856626941167311
VAL171 B,0.0002543597397129334
SER172 B,0.0002685948082246486
PHE186 B,0.000448652727610866
LYS187 B,0.00037165997285538006
ASN188 B,0.0004366477492319151
LEU189 B,0.0004569909120589928
ARG190 B,0.00040235076760159524
GLU191 B,0.000383778177153619
PHE192 B,0.0003787852647835061
VAL193 B,0.0004407459939640068
PHE194 B,0.00038133400677604277
LYS195 B,0.0003633500495986833
ASN196 B,0.00037407256327313417
ILE197 B,0.00023907847649213724
ASP198 B,0.00025583335929098554
GLY199 B,0.00036205299520600807
TYR200 B,0.0004404562086698688
PHE201 B,0.00042327702008975853
LYS202 B,0.0004457227107910883
ILE203 B,0.0003995498441295552
TYR204 B,0.0003918507040045126
SER205 B,0.0003907695236771069
LYS206 B,0.0003606880009007817
HIS207 B,0.00027075378241834587
THR208 B,0.00023978312324083066
PRO209 B,0.00025193794494626846
ILE210 B,0.0003408262073503871
ASN211 B,0.0002629477889323033
LEU212 B,0.00038187011279338013
VAL213 B,0.00022976852779043808
ARG214 B,0.00015388696837353175
ASP215 B,0.00024573276833751343
LEU216 B,0.0003590206456824119
PRO217 B,0.0002426191532364987
GLN218 B,0.00025473639921639696
GLY219 B,0.0002597958204203769
PHE220 B,0.0002784758980640899
SER221 B,0.00030347134127523516
ALA222 B,0.0004344542069246737
LEU223 B,0.0004218664888913913
GLU224 B,0.0003313781647590185
PRO225 B,0.00033389116496633124
LEU226 B,0.0002672341485614921
VAL227 B,0.00023658526954060304
ASP228 B,0.0002787487275922173
LEU229 B,0.00024402343445545274
PRO230 B,0.0002537952802359735
ILE231 B,0.00035612217691801616
GLY232 B,0.0002634892050085878
ILE233 B,0.0002658467199082911
ASN234 B,0.00024383823148937966
ILE235 B,0.00032658849902214343
THR236 B,0.0003376162203876815
ARG237 B,0.00044766034723936157
PHE238 B,0.00047204177932457956
GLN239 B,0.00039120576850103944
THR240 B,0.0003901578260495468
LEU241 B,0.0004830346741427566
LEU242 B,0.0004142639583658217
ALA243 B,0.0004926779302721075
LEU244 B,0.0003311815671410711
HIS245 B,0.00020945572444235235
ALA263 B,0.0005894096163750874
ALA264 B,0.00037590706854775843
TYR265 B,0.000385419845719848
TYR266 B,0.0004081168875619444
VAL267 B,0.00036044962776052124
GLY268 B,0.00035934703574584074
TYR269 B,0.00038536181158835194
LEU270 B,0.00038608778358403795
GLN271 B,0.0003555309464328902
PRO272 B,0.0002660212001526153
ARG273 B,0.00039156170185769605
THR274 B,0.00036520535539060075
PHE275 B,0.0004230404007558614
LEU276 B,0.00045876580781281493
LEU277 B,0.00042976319251956593
LYS278 B,0.00040234926451688217
TYR279 B,0.0005491383970054699
ASN280 B,0.0003752129429747953
GLU281 B,0.00023716132656907278
ASN282 B,0.00032344976008749876
GLY283 B,0.00041682687972336
THR284 B,0.0003070659555691383
ILE285 B,0.00039884875494465045
THR286 B,0.0003675361599001336
ASP287 B,0.00026434368176938075
ALA288 B,0.0003206473802557664
VAL289 B,0.0003581606643545769
ASP290 B,0.0004200263076856079
CYS291 B,0.00041958423760768865
ALA292 B,0.00029282427878328635
LEU293 B,0.00028928875645451254
ASP294 B,0.0002274797235355971
PRO295 B,0.00031883343142243215
LEU296 B,0.0003313272413943507
SER297 B,0.0003901728467500762
GLU298 B,0.00046113044374079684
THR299 B,0.0004307141898358391
LYS300 B,0.00048080677878250275
CYS301 B,0.0004628756622111886
THR302 B,0.0002644489758157487
LEU303 B,0.00023377733508260208
LYS304 B,0.0003002263692574679
SER305 B,0.00031204626747951896
PHE306 B,0.0002328345830610206
THR307 B,0.00029757980215498953
VAL308 B,0.00035159849138334325
GLU309 B,0.00028129420624272447
LYS310 B,0.00026912669042270833
GLY311 B,0.0003373923896514793
ILE312 B,0.00035390776392478073
TYR313 B,0.00025488099808373586
GLN314 B,0.00028684315999361596
THR315 B,0.0003566926623682365
SER316 B,0.0002574856237462811
ASN317 B,0.00026765766307550295
PHE318 B,0.0003357656200175048
ARG319 B,0.00028024530088466385
VAL320 B,0.00031190138951965726
GLN321 B,0.00024070349533474673
PRO322 B,0.0004049861305211026
THR323 B,0.00023755006363651923
GLU324 B,0.00019876977018020694
SER325 B,0.00030173221796645525
ILE326 B,0.00046563223997079254
VAL327 B,0.00043648826163822965
ARG328 B,0.0005086420506883926
PHE329 B,0.00040013069861527924
PRO330 B,0.0002494811322666027
ASN331 B,0.00022648674946876306
ILE332 B,0.00024905491410659805
THR333 B,0.00021960975923736108
ASN334 B,0.00024368597552685417
LEU335 B,0.0002932152267336246
CYS336 B,0.00041998498239754714
PRO337 B,0.0002804288368634093
PHE338 B,0.00024158421880461216
GLY339 B,0.00030669108419710447
GLU340 B,0.00031449807948629366
VAL341 B,0.0004087546400853303
PHE342 B,0.00029677218264237545
ASN343 B,0.0002745241014678449
ALA344 B,0.0003561139487801526
THR345 B,0.00016285866648359958
ARG346 B,0.00015094244352059194
PHE347 B,0.00033658007495918074
ALA348 B,0.00038646768445113654
SER349 B,0.0004451792586419895
VAL350 B,0.0004730110537420943
TYR351 B,0.0004336309081669638
ALA352 B,0.00035365003685013173
TRP353 B,0.00036334730501180973
ASN354 B,0.0002940199993741406
ARG355 B,0.0002570157379104979
LYS356 B,0.00025616586895569607
ARG357 B,0.0002567981767051488
ILE358 B,0.00040108935459209406
SER359 B,0.0003210450279215828
ASN360 B,0.0003074458082454313
CYS361 B,0.0004517834986240388
VAL362 B,0.00046159181091230857
ALA363 B,0.0003688419955186625
ASP364 B,0.00040256401528304675
TYR365 B,0.0003592827720915498
SER366 B,0.0003064276811351387
VAL367 B,0.0002727023790702692
LEU368 B,0.0002740800398797639
TYR369 B,0.0003441697989347503
ASN370 B,0.0002872131610281091
SER371 B,0.00028406572443048886
ALA372 B,0.00019201265480727874
SER373 B,0.0001873875575051779
PHE374 B,0.0003344093939514097
SER375 B,0.00033468954810787066
THR376 B,0.00027314579676574033
PHE377 B,0.00034603678078260614
LYS378 B,0.0002332644034487614
CYS379 B,0.0003035990648587085
TYR380 B,0.00037859110842842277
GLY381 B,0.0002358248057058106
VAL382 B,0.00039898898420234085
SER383 B,0.00037753821387913637
PRO384 B,0.0003063949784177319
THR385 B,0.00024705044705733767
LYS386 B,0.0003963034700017569
LEU387 B,0.00040116407460472525
ASN388 B,0.0004835108559921987
ASP389 B,0.00033304811026661606
LEU390 B,0.0004169750429301139
CYS391 B,0.00045106739205215196
PHE392 B,0.00042168750134512055
THR393 B,0.0004937334858404909
ASN394 B,0.00038512888510572243
VAL395 B,0.0004135971220045518
TYR396 B,0.00038584397033574337
ALA397 B,0.000460246598985194
ASP398 B,0.00041529390939545993
SER399 B,0.0004989359781485439
PHE400 B,0.0004584365769313139
VAL401 B,0.00042402270719141895
ILE402 B,0.0003844359458339673
ARG403 B,0.0003760258492606203
GLY404 B,0.0004096176408776674
ASP405 B,0.00025213487789351146
GLU406 B,0.00030941541701877195
VAL407 B,0.00036499051769600313
ARG408 B,0.00021284284293349577
GLN409 B,0.0003518173260534199
ILE410 B,0.0004531929905894715
ALA411 B,0.00039966203043829697
PRO412 B,0.0003707337871365466
GLY413 B,0.00022148190382179604
GLN414 B,0.00028002234370896986
THR415 B,0.00029009174475860507
GLY416 B,0.0002804357014594264
LYS417 B,0.00029333260268753127
ILE418 B,0.00046049959545652703
ALA419 B,0.0004971137679269915
ASP420 B,0.00031835368700909274
TYR421 B,0.00031771506722740023
ASN422 B,0.0005021121149714747
TYR423 B,0.0004939580571121898
LYS424 B,0.0004777691616361222
LEU425 B,0.00039169413351786955
PRO426 B,0.0003008167057485039
ASP427 B,0.0002952132743122641
ASP428 B,0.00018146978863422568
PHE429 B,0.0003538772942881045
THR430 B,0.0003101054294590082
GLY431 B,0.0003950554710826114
CYS432 B,0.0004368778879047782
VAL433 B,0.00046427589462464205
ILE434 B,0.0004409847938015839
ALA435 B,0.00043409809973773777
TRP436 B,0.0003875425861680799
ASN437 B,0.0003673929604984876
SER438 B,0.0003755265250642589
ASN439 B,0.00037984014634623683
ASN440 B,0.00023923775337666487
LEU441 B,0.0002063332688340511
ASP442 B,0.00031005224090542983
SER443 B,0.0004594768778799028
LYS444 B,0.00032653296237954475
GLY447 B,0.00028583101483223023
ASN448 B,0.000393566894634605
TYR449 B,0.0003222311749575656
ASN450 B,0.00028484173138044924
TYR451 B,0.0004187541929375645
LEU452 B,0.0004494300968577019
TYR453 B,0.0003653862102355768
ARG454 B,0.00048130736162938707
LYS462 B,0.00017958411644942697
PRO463 B,0.0002910771531028462
PHE464 B,0.00037314388968684675
GLU465 B,0.0003387934098690421
ARG466 B,0.00032123380064183796
ASP467 B,0.0002494970334032128
ILE468 B,0.00017533629076275394
TYR489 B,0.00014235319759959512
PHE490 B,0.00016182373696024078
PRO491 B,0.0002680465838387964
LEU492 B,0.00028268262912025115
GLN493 B,0.00035612629790974197
SER494 B,0.0003325149606750909
TYR495 B,0.0003286789316061438
GLY496 B,0.0003272409705879206
PHE497 B,0.0004948026470716726
GLN498 B,0.00043888182170673875
PRO499 B,0.00031371857428288063
THR500 B,0.00010782320451000451
ASN501 B,0.0003257915647116645
VAL503 B,0.00020701033126324566
GLY504 B,0.00024451008873960787
TYR505 B,0.0003176986482476562
GLN506 B,0.0005239757506406713
PRO507 B,0.0004645106918499373
TYR508 B,0.000455492990636701
ARG509 B,0.0004238108609159433
VAL510 B,0.00044260193810229245
VAL511 B,0.0004347030385481607
VAL512 B,0.0003774630580618785
LEU513 B,0.00037943761968975333
SER514 B,0.00038825684761191297
PHE515 B,0.0003541730425175394
GLU516 B,0.0002956704930032795
LEU517 B,0.0002250595286564913
LEU518 B,0.0001958206183117939
HIS519 B,0.00029977718285510106
ALA520 B,0.0003680146584070498
PRO521 B,0.00030027719530465423
ALA522 B,0.0003141107136869019
THR523 B,0.00039436725326122803
VAL524 B,0.0005149935794562667
CYS525 B,0.0004897115833597884
GLY526 B,0.000434799814630842
PRO527 B,0.0003096303689563137
LYS528 B,0.00020374953579347125
LYS529 B,0.00021543544931798802
SER530 B,0.00033285794294251345
THR531 B,0.0002547531754555241
ASN532 B,0.000246858543201328
LEU533 B,0.0002498674543109781
VAL534 B,0.00027823348180327427
LYS535 B,0.00028060083877039276
ASN536 B,0.00023671977340393804
LYS537 B,0.0003023035555908941
CYS538 B,0.0004430474631871244
VAL539 B,0.0005162012164461468
ASN540 B,0.0004413204476769768
PHE541 B,0.00039806778499086907
ASN542 B,0.0004017140883259868
PHE543 B,0.0004047279792649997
ASN544 B,0.00035912618274662266
GLY545 B,0.00029018341702846174
LEU546 B,0.00035984819803367584
THR547 B,0.00036050000597023785
GLY548 B,0.0002608722826831562
THR549 B,0.0004047375047399999
GLY550 B,0.000465818845875456
VAL551 B,0.00047798648315955204
LEU552 B,0.00048168362587755215
THR553 B,0.0003480677855142906
GLU554 B,0.0002898327539353637
SER555 B,0.00024905219873979723
ASN556 B,0.00018537924749981405
LYS557 B,0.00021665544131112757
LYS558 B,0.0002661058862167962
PHE559 B,0.0003592590502465773
LEU560 B,0.00021208648795671128
PRO561 B,0.0001707391924477637
PHE562 B,0.00038107984053679613
GLN563 B,0.0004222679318152579
GLN564 B,0.00048385177859690655
PHE565 B,0.00046518797530355075
GLY566 B,0.0003982680037272891
ARG567 B,0.00043588022870949127
ASP568 B,0.00030152358445248586
ILE569 B,0.0002687773597041193
ALA570 B,0.0003345250362439515
ASP571 B,0.0003340536057157071
THR572 B,0.00027049400379722336
THR573 B,0.0003263205323109964
ASP574 B,0.00036324045587616833
ALA575 B,0.0003648803829049523
VAL576 B,0.00043077640382498393
ARG577 B,0.0003965219212596232
ASP578 B,0.0004032741712883944
PRO579 B,0.0003958024821343713
GLN580 B,0.00029968035634004843
THR581 B,0.00021884124859518513
LEU582 B,0.00025061461403582405
GLU583 B,0.0002176752242585195
ILE584 B,0.000527003160620758
LEU585 B,0.0004245837419854561
ASP586 B,0.000411044423468056
ILE587 B,0.000398278093532264
THR588 B,0.00029623640170966067
PRO589 B,0.0002788764492823786
CYS590 B,0.00040903734378026875
SER591 B,0.0003198204360133838
PHE592 B,0.000308650188507805
GLY593 B,0.0003701574756821758
GLY594 B,0.0004292413021978762
VAL595 B,0.0004204062277894392
SER596 B,0.0004155067435859408
VAL597 B,0.00047907082152644746
ILE598 B,0.000416067639720253
THR599 B,0.00044332644021829207
PRO600 B,0.0005020206531985061
GLY601 B,0.00041742881995695543
THR602 B,0.0004029521502324134
ASN603 B,0.00018761987609498297
THR604 B,0.00021150933513072587
SER605 B,0.0002616346095682371
ASN606 B,0.00031438659931810306
GLN607 B,0.0003133927056029398
VAL608 B,0.0003901528470462427
ALA609 B,0.0003853604168001034
VAL610 B,0.00037770242577784933
LEU611 B,0.0003764207128413572
TYR612 B,0.00046038372014766717
GLN613 B,0.0003514852927677065
ASP614 B,0.00036361870325477057
VAL615 B,0.00042059917405498534
ASN616 B,0.000344172946293496
CYS617 B,0.0002860362444380458
THR618 B,0.0001518698666262483
GLU619 B,0.00025239607001792776
VAL620 B,0.0002716658146969353
ASN641 B,0.00026683834922466935
VAL642 B,0.00033321035151754735
PHE643 B,0.00033104155781714996
GLN644 B,0.0003081543310348551
THR645 B,0.0002880518062166423
ARG646 B,0.0002630313872533295
ALA647 B,0.0003529906835277416
GLY648 B,0.00039948957189134466
CYS649 B,0.0005021013312646015
LEU650 B,0.0004201564498899462
ILE651 B,0.00032342547481151965
GLY652 B,0.0003262899168797407
ALA653 B,0.0004694644119786625
GLU654 B,0.0003800105185435929
HIS655 B,0.00031023766756775145
VAL656 B,0.0002821744508016541
ASN657 B,0.0002099153933439566
ASN658 B,0.00021295667392289648
SER659 B,0.0003262844958628631
TYR660 B,0.000285494186963079
GLU661 B,0.0002865580090903099
CYS662 B,0.0003035541512451071
ASP663 B,0.0002348334292063619
ILE664 B,0.0003611578586167395
PRO665 B,0.0003596418606760442
ILE666 B,0.0003489857524458096
GLY667 B,0.00041732975754693087
ALA668 B,0.0003892148920392188
GLY669 B,0.000388668526083566
ILE670 B,0.00042161756283424633
CYS671 B,0.00046541400756574126
ALA672 B,0.0004990708093863618
SER673 B,0.0003429390713311014
TYR674 B,0.00033974101581859937
GLN675 B,0.0002571148880472347
THR676 B,0.00025969596826917393
SER689 B,0.0001615698114918843
GLN690 B,0.00023389512913381445
SER691 B,0.00040096360737759153
ILE692 B,0.00048791967164640734
ILE693 B,0.00042594316319495
ALA694 B,0.0004007942311575831
TYR695 B,0.00046200411935852953
THR696 B,0.0003909413148223115
MET697 B,0.0003771219929146132
SER698 B,0.00032740356424670457
LEU699 B,0.0003373215441449374
GLY700 B,0.0002861385071544903
ALA701 B,0.00027822045133906424
GLU702 B,0.00023857636595984132
ASN703 B,0.00026217691117310645
SER704 B,0.00031730533693785694
VAL705 B,0.0004405133541808814
ALA706 B,0.00020921439462995214
TYR707 B,0.0003523927676757327
SER708 B,0.00030537280896308824
ASN709 B,0.0003354991713702758
ASN710 B,0.0002881847088758989
SER711 B,0.00041818191895436134
ILE712 B,0.00040983333821630914
ALA713 B,0.0003499909946701549
ILE714 B,0.0004185540990747248
PRO715 B,0.00038841633114667994
THR716 B,0.00039280812411179324
ASN717 B,0.0003222146937255853
PHE718 B,0.00031522708473031517
THR719 B,0.00031765836781350054
ILE720 B,0.0003758711392413312
SER721 B,0.0003442679836026241
VAL722 B,0.00037523437091271797
THR723 B,0.0002771931553189815
THR724 B,0.00030638238283989326
GLU725 B,0.000272202941808135
ILE726 B,0.0003447755473716731
LEU727 B,0.00036460932141547
PRO728 B,0.00046241762884872777
VAL729 B,0.0004473486071735707
SER730 B,0.0003955186470823869
MET731 B,0.0003847341899415552
THR732 B,0.0003309241297466682
LYS733 B,0.00035621428273791906
THR734 B,0.00033765807180918155
SER735 B,0.00040311968507330696
VAL736 B,0.0003381577712176717
ASP737 B,0.0003359627193320205
CYS738 B,0.00043835305819339785
THR739 B,0.0003728836971058624
MET740 B,0.0003505890517026412
TYR741 B,0.00041002452257760997
ILE742 B,0.0003316580419795581
CYS743 B,0.0004559392744627811
GLY744 B,0.00031141519682545724
ASP745 B,0.00020952591741209492
SER746 B,0.0003135087291561964
THR747 B,0.00025210857493777346
GLU748 B,0.00024778166680383825
CYS749 B,0.0003823166826388886
SER750 B,0.00035646328039162594
ASN751 B,0.0002873849345283217
LEU752 B,0.00038385525283605245
LEU753 B,0.0003722307227857645
LEU754 B,0.00024072483051103624
GLN755 B,0.0003346723916038445
TYR756 B,0.00047034185631902165
GLY757 B,0.00040206161593811176
SER758 B,0.00030674898987917995
PHE759 B,0.0002716817697220851
CYS760 B,0.00036724922375911073
THR761 B,0.00027391035155805365
GLN762 B,0.00027570200064162565
LEU763 B,0.00040928742513678633
ASN764 B,0.0004058295771765494
ARG765 B,0.0002770924423531979
ALA766 B,0.00033959874809944696
LEU767 B,0.0004696132574127151
THR768 B,0.00030280845602039316
GLY769 B,0.0002722858862530467
ILE770 B,0.0003989936418102596
ALA771 B,0.000428235014866584
VAL772 B,0.00026651219278779923
GLU773 B,0.00026197233232508007
GLN774 B,0.000411194886041231
ASP775 B,0.0003809245398013541
LYS776 B,0.0002597439832457963
ASN777 B,0.0003969627218227611
THR778 B,0.0003979562358964534
GLN779 B,0.00031672741199421814
GLU780 B,0.0003429754798143703
VAL781 B,0.0004218316131490967
PHE782 B,0.0003707955550812668
ALA783 B,0.0003190974325726413
GLN784 B,0.0002539390188378443
VAL785 B,0.00033526754762198355
LYS786 B,0.0002405668838139772
GLN787 B,0.00034054575637888817
ILE788 B,0.0005358711811286182
TYR789 B,0.00041995437498559065
LYS790 B,0.00035627709741646905
THR791 B,0.0003944509687436029
PRO792 B,0.0003485915748366041
PRO793 B,0.0001522861235628706
ILE794 B,0.00015314722903070943
LYS795 B,0.00024128770215112877
ASP796 B,0.0002729213107296713
PHE797 B,0.0003562583149531801
GLY798 B,0.0003105605167995438
GLY799 B,0.0002961793360150231
PHE800 B,0.00031607597762905174
ASN801 B,0.00031895951874866214
PHE802 B,0.00024096379432699477
SER803 B,0.00024161076648968337
GLN804 B,0.00035030815955326
ILE805 B,0.0003736520448735698
LEU806 B,0.0004141267344295738
PRO807 B,0.0004012360580263264
ASP808 B,0.0003512323306046991
PRO809 B,0.00019108249670691537
SER810 B,0.00021678554342101993
LYS811 B,0.0002858572293525117
PRO812 B,0.00016768137932542305
SER813 B,0.00018605775443586108
LYS814 B,0.0005026733427103778
ARG815 B,0.00044366789937607667
SER816 B,0.0004273997457789629
PHE817 B,0.0003852428085383967
ILE818 B,0.0003421352394085069
GLU819 B,0.00040034086558093734
ASP820 B,0.00031515646510997384
LEU821 B,0.0003985386572794732
LEU822 B,0.0004527764051173654
PHE823 B,0.0003518874553070548
ASN824 B,0.00024979104084543236
LYS825 B,0.0002890613625075003
VAL826 B,0.00031367993935187084
THR827 B,0.0002540876399357711
LYS854 B,0.00021384149051937082
PHE855 B,0.0001761001064472332
ASN856 B,0.00028475765731658556
GLY857 B,0.00043101262798033693
LEU858 B,0.00039798384881901006
THR859 B,0.00027707407425691825
VAL860 B,0.0002685394391428103
LEU861 B,0.00039231727153471734
PRO862 B,0.0002949252602246505
PRO863 B,0.0003484458090278431
LEU864 B,0.0003519441346589698
LEU865 B,0.00042279595815714196
THR866 B,0.00029357565212423105
ASP867 B,0.00019640596849983
GLU868 B,0.0003554522547688466
MET869 B,0.0003312096478328182
ILE870 B,0.0003588741145554634
ALA871 B,0.0004007670204173692
GLN872 B,0.00032911313723335355
TYR873 B,0.0004076337780696804
THR874 B,0.0003674388036452652
SER875 B,0.00041097927746113323
ALA876 B,0.0004032905286559917
LEU877 B,0.00044057836027444093
LEU878 B,0.00033149744775058323
ALA879 B,0.0003713767491430502
GLY880 B,0.0004425615538377612
THR881 B,0.00037242737451186633
ILE882 B,0.0002756863332863625
THR883 B,0.0004504199358465001
SER884 B,0.0004121152645038663
GLY885 B,0.00043590407936008315
TRP886 B,0.00031457760407344824
THR887 B,0.00029617491588418123
PHE888 B,0.000378695130221667
GLY889 B,0.00043754905440318554
ALA890 B,0.0003298340079445502
GLY891 B,0.00032786370131718696
ALA892 B,0.00023909451139173508
ALA893 B,0.00032135437528072207
LEU894 B,0.0003879262410803092
GLN895 B,0.0004371648133647218
ILE896 B,0.0004960415300926203
PRO897 B,0.00048359136286827624
PHE898 B,0.00035465105943692743
ALA899 B,0.00036012454290021916
MET900 B,0.0002848288627181131
GLN901 B,0.00033797538598202636
MET902 B,0.0003174714234534712
ALA903 B,0.00041873893359266876
TYR904 B,0.00028859500214780363
ARG905 B,0.00033837358589124746
PHE906 B,0.00041487609199754755
ASN907 B,0.0003215323608318932
GLY908 B,0.0002811145967468538
ILE909 B,0.0003094147105373319
GLY910 B,0.00029084158547444113
VAL911 B,0.0003863683520401832
THR912 B,0.00032690480744858926
GLN913 B,0.0003571026606235612
ASN914 B,0.0003002908698176681
VAL915 B,0.00030463691693560937
LEU916 B,0.000401174938906659
TYR917 B,0.0004495131777926709
GLU918 B,0.0003156496875487495
ASN919 B,0.0002810193142887355
GLN920 B,0.000343577365811467
LYS921 B,0.000250013609525529
LEU922 B,0.0002447017286929437
ILE923 B,0.0003763250783021478
ALA924 B,0.00043014063788169763
ASN925 B,0.00036168714603782796
GLN926 B,0.0003736504662239576
PHE927 B,0.0004420421507857851
ASN928 B,0.00039019242480068837
SER929 B,0.0002824889117024347
ALA930 B,0.0003708774755811466
ILE931 B,0.0003487174123663937
GLY932 B,0.0002864064287414198
LYS933 B,0.00029280295831561615
ILE934 B,0.00038585636243561495
GLN935 B,0.00036967864962658307
ASP936 B,0.0003045002501604918
SER937 B,0.00035210606153125403
LEU938 B,0.0004216601391761256
SER939 B,0.00030806013974425477
SER940 B,0.00022781145203804975
THR941 B,0.00027981046914875334
ALA942 B,0.00034946920920071636
SER943 B,0.00019063686469304058
ALA944 B,0.0003077230067714301
LEU945 B,0.0004001186291550125
GLY946 B,0.000307574988094685
LYS947 B,0.0003431473389123449
LEU948 B,0.0004708991121124827
GLN949 B,0.00036544355113815564
ASP950 B,0.0002893247658905869
VAL951 B,0.0003444631563937302
VAL952 B,0.00039466505273469486
ASN953 B,0.00029352071792472013
GLN954 B,0.00029372289122169367
ASN955 B,0.00035697561286003387
ALA956 B,0.00029645089323741006
GLN957 B,0.0002960179996425378
ALA958 B,0.00032660297317353563
LEU959 B,0.0002884657347714051
ASN960 B,0.0002866220317358398
THR961 B,0.0003180532591349556
LEU962 B,0.00038143850201944945
VAL963 B,0.0003855474840642723
LYS964 B,0.0004106754835380771
GLN965 B,0.0004345927184260983
LEU966 B,0.0003321154536066865
SER967 B,0.00039968998076872226
SER968 B,0.0003603296832781634
ASN969 B,0.0003952325425288075
PHE970 B,0.00035685319100458305
GLY971 B,0.0003306060573265226
ALA972 B,0.0003240314190843326
ILE973 B,0.00022853732881966633
SER974 B,0.0002967434793341944
SER975 B,0.0003950199887423588
VAL976 B,0.00030175510963197766
LEU977 B,0.0003336776183087464
ASN978 B,0.0003349144747039246
ASP979 B,0.0003314873175036922
ILE980 B,0.0004337574674151554
LEU981 B,0.0003398122796846878
SER982 B,0.0003585406521552344
ARG983 B,0.0003949487738538826
LEU984 B,0.0003719794215949234
ASP985 B,0.00030893322537556983
PRO986 B,0.00024081767259827357
PRO987 B,0.00029236749796569925
GLU988 B,0.0002794425834123119
ALA989 B,0.00041275881602404873
GLU990 B,0.00039047741772873465
VAL991 B,0.0002767280695515971
GLN992 B,0.0004045891566405507
ILE993 B,0.0003989570670004158
ASP994 B,0.0003048926083520423
ARG995 B,0.00039831378107513493
LEU996 B,0.0004611255382949908
ILE997 B,0.00039804998917849376
THR998 B,0.00026729710690695394
GLY999 B,0.0003286054364537211
ARG1000 B,0.00040031145894628764
LEU1001 B,0.0003676240447628516
GLN1002 B,0.0002737404139770777
SER1003 B,0.0003741002603920577
LEU1004 B,0.00037331640697573003
GLN1005 B,0.00030630448866640316
THR1006 B,0.0002759945241828514
TYR1007 B,0.00034610102882672765
VAL1008 B,0.0003744292318227227
THR1009 B,0.0003430847075630251
GLN1010 B,0.0002751367843406362
GLN1011 B,0.00033593224628367867
LEU1012 B,0.0004060710949858056
ILE1013 B,0.0003729625024657772
ARG1014 B,0.00026994494165894357
ALA1015 B,0.00032465628505862806
ALA1016 B,0.0002985897397693183
GLU1017 B,0.0002982894150072971
ILE1018 B,0.0003781910362060955
ARG1019 B,0.0003713569821950816
ALA1020 B,0.0002572335472751222
SER1021 B,0.00033781088070154665
ALA1022 B,0.0004823445606621585
ASN1023 B,0.00033553092367632613
LEU1024 B,0.00024698764745645775
ALA1025 B,0.00038188121940111174
ALA1026 B,0.00033022348889336116
THR1027 B,0.0003244560270855223
LYS1028 B,0.00032273607662068095
MET1029 B,0.0003464039763784652
SER1030 B,0.00040737041033411976
GLU1031 B,0.0004051129436359519
CYS1032 B,0.00037336865659961193
VAL1033 B,0.000399080208605371
LEU1034 B,0.00039488927157238377
GLY1035 B,0.00034026560429128045
GLN1036 B,0.0003810337167850135
SER1037 B,0.00035119590318942977
LYS1038 B,0.00021064044573332677
ARG1039 B,0.000236934662728552
VAL1040 B,0.0004069731459548454
ASP1041 B,0.00032324756401983813
PHE1042 B,0.0003231667523027342
CYS1043 B,0.00035008113432800025
GLY1044 B,0.00035743553615584555
LYS1045 B,0.0003500124895384579
GLY1046 B,0.00032168493488864483
TYR1047 B,0.0003307372161138945
HIS1048 B,0.00044097073239139336
LEU1049 B,0.0004483564891856822
MET1050 B,0.0003449583893746557
SER1051 B,0.0003186447633156438
PHE1052 B,0.00035366541388512466
PRO1053 B,0.00038176782794208325
GLN1054 B,0.00040416582128861595
SER1055 B,0.0003742548379127285
ALA1056 B,0.00031540546189329953
PRO1057 B,0.00029135624187594266
HIS1058 B,0.00030786008574677304
GLY1059 B,0.00036771746241591745
VAL1060 B,0.00042290324914621947
VAL1061 B,0.00036609982357056607
PHE1062 B,0.0003292279020503551
LEU1063 B,0.0003622694787960431
HIS1064 B,0.0004432517923076472
VAL1065 B,0.0003875028185948062
THR1066 B,0.000412268874110393
TYR1067 B,0.0003623950886710878
VAL1068 B,0.0003678537014390063
PRO1069 B,0.0004765542744408428
ALA1070 B,0.00031814817346706865
GLN1071 B,0.00025886624508820403
GLU1072 B,0.0002891984751231089
LYS1073 B,0.0002596242626288982
ASN1074 B,0.00025676481571754384
PHE1075 B,0.0004053138195510633
THR1076 B,0.00037674416522773735
THR1077 B,0.000354057557754752
ALA1078 B,0.00039900470367835593
PRO1079 B,0.00046987780155725265
ALA1080 B,0.0004370103529611133
ILE1081 B,0.0004480861526655558
CYS1082 B,0.0005532682948452973
HIS1083 B,0.0003959328898750746
ASP1084 B,0.00013924348765302012
GLY1085 B,0.00024341058409973326
LYS1086 B,0.0004098661910300255
ALA1087 B,0.000524391489521253
HIS1088 B,0.0004135898607930779
PHE1089 B,0.00044383179302759834
PRO1090 B,0.00040151013440212967
ARG1091 B,0.00024180357802365494
GLU1092 B,0.00029506019416781636
GLY1093 B,0.0002648502671219461
VAL1094 B,0.00038530927995098104
PHE1095 B,0.00043061238708504227
VAL1096 B,0.00046385634928446
SER1097 B,0.00040184706268581296
ASN1098 B,0.0002925550048530013
GLY1099 B,0.00021458909392186985
THR1100 B,0.00017882184959527875
HIS1101 B,0.00022107746499784695
TRP1102 B,0.00039521999043969053
PHE1103 B,0.0003863699213120657
VAL1104 B,0.0004746605491816367
THR1105 B,0.0004671521661601709
GLN1106 B,0.0004269376677857799
ARG1107 B,0.0003560362394461044
ASN1108 B,0.0002861224427524912
PHE1109 B,0.00038487407436807957
TYR1110 B,0.00035427234523472057
GLU1111 B,0.00023090694211959172
PRO1112 B,0.00029696524092027413
GLN1113 B,0.00023745400795088925
ILE1114 B,0.0002841759734816123
ILE1115 B,0.0004346207824008289
THR1116 B,0.0003951349705858171
THR1117 B,0.0003832187622634579
ASP1118 B,0.00022474810943852696
ASN1119 B,0.00035307356258739017
THR1120 B,0.00043220793054422646
PHE1121 B,0.00035823696314998653
VAL1122 B,0.0002751913797315161
SER1123 B,0.0003104578670787692
GLY1124 B,0.00028431582164663315
ASN1125 B,0.00037565773353434156
CYS1126 B,0.00035472382147158356
ASP1127 B,0.00014088500271834399
VAL1128 B,0.0002892938644554007
VAL1129 B,0.00043261812193110433
ILE1130 B,0.00020419855146267132
GLY1131 B,0.00023474037550022574
ILE1132 B,0.0004121951479296261
VAL1133 B,0.00027405839555400154
ASN1134 B,0.0002414215973468331
ASN1135 B,0.00028227984573555014
THR1136 B,0.000284721792681966
VAL1137 B,0.0003002129033868889
TYR1138 B,0.00030435116948922416
ASP1139 B,0.0003421523978506455
PRO1140 B,0.0003571020404513486
LEU1141 B,0.0002853398457786
GLN1142 B,0.0003379710798076868
PRO1143 B,0.00035407206327061
GLU1144 B,0.00035311651545527487
LEU1145 B,0.0004110369534781396
ASP1146 B,0.00023835795770643935
SER1147 B,0.0002393135055217745
ALA27 C,0.0002206666821494901
TYR28 C,0.0002498144286468783
THR29 C,0.00038093593421432113
ASN30 C,0.0003313944885004467
SER31 C,0.00042624422387947805
PHE32 C,0.0003297703801114272
THR33 C,0.00035707791150112704
ARG34 C,0.0004233424353357669
GLY35 C,0.0003853522359219277
VAL36 C,0.0003648244255809184
TYR37 C,0.00036040217033817093
TYR38 C,0.0003493381355300252
PRO39 C,0.00020217213378042242
ASP40 C,0.00013785686400835946
LYS41 C,0.00037495959800811716
VAL42 C,0.000384601898614646
PHE43 C,0.00040874889719990726
ARG44 C,0.0003353435516886184
SER45 C,0.0003454275136485281
SER46 C,0.0003404485363190154
VAL47 C,0.0002688708026149756
LEU48 C,0.000330940440473164
HIS49 C,0.0002644853112750731
SER50 C,0.000327062972834063
THR51 C,0.00030288538428446614
GLN52 C,0.0002646500628198217
ASP53 C,0.0003368186015759216
LEU54 C,0.00029369199886991213
PHE55 C,0.00035845075601519485
LEU56 C,0.00042178519802324736
PRO57 C,0.0003612361847993519
PHE58 C,0.00033978272879775924
PHE59 C,0.00028372495010980605
SER60 C,0.00030860752885068256
ASN61 C,0.0003250028153286185
VAL62 C,0.0004169750480804196
THR63 C,0.00036570770708717256
TRP64 C,0.0004039278771560814
PHE65 C,0.00035845631101686005
HIS66 C,0.0003222182490723374
ALA67 C,0.0003317942060063394
ILE68 C,0.00014836246028050867
HIS69 C,0.00012286094669582625
ASP80 C,0.00025354694341886685
ASN81 C,0.00024769849874969863
PRO82 C,0.00022767872393591136
VAL83 C,0.0002797112313449468
LEU84 C,0.00024537003978043504
PRO85 C,0.0002385942795105239
PHE86 C,0.00036219798025898024
ASN87 C,0.0002640563289546974
ASP88 C,0.00028918890806501284
GLY89 C,0.0004159009287864414
VAL90 C,0.0004160741051018301
TYR91 C,0.000469639952902091
PHE92 C,0.00038171387270065517
ALA93 C,0.00035572725266079015
SER94 C,0.000403660846339009
THR95 C,0.0005056269048702051
GLU96 C,0.0005055981141113388
LYS97 C,0.00032272251212372044
SER98 C,0.00017663690712470687
ASN99 C,0.00028584415714017045
ILE100 C,0.000379932365037107
ILE101 C,0.00038960772084031575
ARG102 C,0.0004034879965903151
GLY103 C,0.0003798241900103598
TRP104 C,0.0004013938926074073
ILE105 C,0.0004268130458556403
PHE106 C,0.0004223614165988163
GLY107 C,0.0004998429694342071
THR108 C,0.0003643416373246332
THR109 C,0.0002759664725267483
LEU110 C,0.0004795966844129752
ASP111 C,0.00037716587406558645
SER112 C,0.000385445408433553
LYS113 C,0.00024137031270364876
THR114 C,0.0003369606540993756
GLN115 C,0.00043899695886383055
SER116 C,0.0004931037225196828
LEU117 C,0.00039012884991869223
LEU118 C,0.0004282542324436009
ILE119 C,0.00037548442660598143
VAL120 C,0.0003475363630343433
ASN121 C,0.00039510824924314904
ASN122 C,0.00030183319256393105
ALA123 C,0.00015232227817780713
THR124 C,0.00022888431826069482
ASN125 C,0.00032858133981919214
VAL126 C,0.00041798865457920377
VAL127 C,0.0004836108516156054
ILE128 C,0.00041842527824888405
LYS129 C,0.00037730613165578306
VAL130 C,0.00047743649597205664
CYS131 C,0.00041806712416379426
GLU132 C,0.0004291294204657626
PHE133 C,0.00034292016539925395
GLN134 C,0.00025420699443831103
PHE135 C,0.0003739163065235821
CYS136 C,0.00029323236780721073
ASN137 C,0.00016028745547258159
ASP138 C,0.00020227979712698994
PRO139 C,0.00030202226198969154
PHE140 C,0.00037742016974307555
LEU141 C,0.00032469258821109795
GLY142 C,0.0002524432705485191
VAL143 C,0.00025251314080260043
ASN165 C,0.0001768218463052124
CYS166 C,0.00030520957914701845
THR167 C,0.0002528058922586082
PHE168 C,0.0003093109410355575
GLU169 C,0.0003185402721083332
TYR170 C,0.0002865414555752098
VAL171 C,0.0002551390582800733
SER172 C,0.00026944284452819916
PHE186 C,0.00044885670717550026
LYS187 C,0.0003718025075428421
ASN188 C,0.0004368108688660276
LEU189 C,0.00045712469017977856
ARG190 C,0.00040245602087504923
GLU191 C,0.00038381753150574865
PHE192 C,0.0003788005280552123
VAL193 C,0.00044075438666880506
PHE194 C,0.00038134291119094817
LYS195 C,0.00036335725304832104
ASN196 C,0.0003740995173746361
ILE197 C,0.00023908508403977394
ASP198 C,0.00025583780293171544
GLY199 C,0.00036209640672288016
TYR200 C,0.00044047910134490927
PHE201 C,0.0004233018544442527
LYS202 C,0.0004457298917975326
ILE203 C,0.00039955426495806947
TYR204 C,0.0003918538932623939
SER205 C,0.00039078439719488357
LYS206 C,0.00036070306403727324
HIS207 C,0.00027079093975360943
THR208 C,0.00023981768341569608
PRO209 C,0.0002519842131658814
ILE210 C,0.0003408880741962111
ASN211 C,0.0002630032387188521
LEU212 C,0.0003819126968183531
VAL213 C,0.00022980490877448222
ARG214 C,0.00015389146963286278
ASP215 C,0.00024574303107641703
LEU216 C,0.00035903787450639117
PRO217 C,0.0002426286370950712
GLN218 C,0.0002547378090714863
GLY219 C,0.00025979739227924693
PHE220 C,0.00027847607504047584
SER221 C,0.0003034724940191095
ALA222 C,0.0004344552340621332
LEU223 C,0.0004218714988935976
GLU224 C,0.00033138007341742165
PRO225 C,0.0003338927678166192
LEU226 C,0.000267235395137906
VAL227 C,0.00023658798937496983
ASP228 C,0.0002787525212122493
LEU229 C,0.0002440419253257363
PRO230 C,0.0002538029098253179
ILE231 C,0.00035628699260183757
GLY232 C,0.0002635009348395369
ILE233 C,0.0002659669937344893
ASN234 C,0.00024390560880394144
ILE235 C,0.0003267733911684131
THR236 C,0.0003377990754085274
ARG237 C,0.00044796279730993085
PHE238 C,0.00047272026148887465
GLN239 C,0.00039201808514077074
THR240 C,0.0003912190667841309
LEU241 C,0.0004854211764725567
LEU242 C,0.0004163722454227767
ALA243 C,0.0004950109637135513
LEU244 C,0.00033195998127126894
HIS245 C,0.0002098398624673248
ALA263 C,0.0005902152324129126
ALA264 C,0.00037601901906887105
TYR265 C,0.000385524667865706
TYR266 C,0.00040815880238455815
VAL267 C,0.00036046826999590727
GLY268 C,0.0003593538497481405
TYR269 C,0.0003853833788325916
LEU270 C,0.0003860918578632708
GLN271 C,0.00035553428633923386
PRO272 C,0.00026602132245100813
ARG273 C,0.0003915618365800526
THR274 C,0.00036520535539060075
PHE275 C,0.0004230404007558614
LEU276 C,0.00045876580781281493
LEU277 C,0.00042976319251956593
LYS278 C,0.00040234926451688217
TYR279 C,0.0005491383970054699
ASN280 C,0.0003752129429747953
GLU281 C,0.00023716132656907278
ASN282 C,0.00032344976008749876
GLY283 C,0.00041682687972336
THR284 C,0.0003070659800925139
ILE285 C,0.00039884881800475924
THR286 C,0.0003675362229602424
ASP287 C,0.00026434368176938075
ALA288 C,0.0003206473802557664
VAL289 C,0.0003581606643545769
ASP290 C,0.0004200263076856079
CYS291 C,0.00041958423760768865
ALA292 C,0.00029282427878328635
LEU293 C,0.00028928875645451254
ASP294 C,0.0002274797235355971
PRO295 C,0.00031883343142243215
LEU296 C,0.0003313272413943507
SER297 C,0.0003901728467500762
GLU298 C,0.00046113044374079684
THR299 C,0.0004307141898358391
LYS300 C,0.00048080677878250275
CYS301 C,0.0004628756622111886
THR302 C,0.0002644489758157487
LEU303 C,0.00023377733508260208
LYS304 C,0.0003002263692574679
SER305 C,0.00031204626747951896
PHE306 C,0.0002328345830610206
THR307 C,0.00029757980215498953
VAL308 C,0.00035159849138334325
GLU309 C,0.00028129420624272447
LYS310 C,0.00026912669042270833
GLY311 C,0.0003373923896514793
ILE312 C,0.00035390776392478073
TYR313 C,0.00025488099808373586
GLN314 C,0.00028684315999361596
THR315 C,0.0003566926623682365
SER316 C,0.0002574856237462811
ASN317 C,0.00026765766307550295
PHE318 C,0.0003357656200175048
ARG319 C,0.00028024530088466385
VAL320 C,0.00031190138951965726
GLN321 C,0.00024070349533474673
PRO322 C,0.0004049861305211026
THR323 C,0.00023755006363651923
GLU324 C,0.00019876977018020694
SER325 C,0.00030173221796645525
ILE326 C,0.00046563223997079254
VAL327 C,0.00043648826163822965
ARG328 C,0.0005086420506883926
PHE329 C,0.00040013069861527924
PRO330 C,0.0002494811322666027
ASN331 C,0.00022648674946876306
ILE332 C,0.00024905491410659805
THR333 C,0.00021960975923736108
ASN334 C,0.00024368597552685417
LEU335 C,0.0002932152267336246
CYS336 C,0.00041998498239754714
PRO337 C,0.0002804288368634093
PHE338 C,0.00024158421880461216
GLY339 C,0.00030669108419710447
GLU340 C,0.00031449807948629366
VAL341 C,0.0004087546400853303
PHE342 C,0.00029677218264237545
ASN343 C,0.0002745241014678449
ALA344 C,0.0003561139487801526
THR345 C,0.00016285866648359958
ARG346 C,0.00015094244352059194
PHE347 C,0.00033658007495918074
ALA348 C,0.00038646768445113654
SER349 C,0.0004451792586419895
VAL350 C,0.0004730110537420943
TYR351 C,0.0004336309081669638
ALA352 C,0.00035365003685013173
TRP353 C,0.00036334730501180973
ASN354 C,0.0002940199993741406
ARG355 C,0.0002570157379104979
LYS356 C,0.00025616586895569607
ARG357 C,0.0002567981767051488
ILE358 C,0.00040108935459209406
SER359 C,0.0003210450279215828
ASN360 C,0.0003074458082454313
CYS361 C,0.0004517834986240388
VAL362 C,0.00046159181091230857
ALA363 C,0.0003688419955186625
ASP364 C,0.00040256401528304675
TYR365 C,0.0003592827720915498
SER366 C,0.0003064276811351387
VAL367 C,0.0002727023790702692
LEU368 C,0.0002740800398797639
TYR369 C,0.0003441697989347503
ASN370 C,0.0002872131610281091
SER371 C,0.00028406572443048886
ALA372 C,0.00019201265480727874
SER373 C,0.0001873875575051779
PHE374 C,0.0003344093939514097
SER375 C,0.00033468954810787066
THR376 C,0.00027314579676574033
PHE377 C,0.00034603678078260614
LYS378 C,0.0002332644034487614
CYS379 C,0.0003035990648587085
TYR380 C,0.00037859110842842277
GLY381 C,0.0002358248057058106
VAL382 C,0.00039898898420234085
SER383 C,0.00037753821387913637
PRO384 C,0.0003063949784177319
THR385 C,0.00024705044705733767
LYS386 C,0.0003963034700017569
LEU387 C,0.00040116407460472525
ASN388 C,0.0004835108559921987
ASP389 C,0.00033304811026661606
LEU390 C,0.0004169750429301139
CYS391 C,0.00045106739205215196
PHE392 C,0.00042168750134512055
THR393 C,0.0004937334858404909
ASN394 C,0.00038512888510572243
VAL395 C,0.0004135971220045518
TYR396 C,0.00038584397033574337
ALA397 C,0.000460246598985194
ASP398 C,0.00041529390939545993
SER399 C,0.0004989359781485439
PHE400 C,0.0004584365769313139
VAL401 C,0.00042402270719141895
ILE402 C,0.0003844359458339673
ARG403 C,0.0003760258492606203
GLY404 C,0.0004096176408776674
ASP405 C,0.00025213487789351146
GLU406 C,0.00030941541701877195
VAL407 C,0.00036499051769600313
ARG408 C,0.00021284284293349577
GLN409 C,0.0003518173260534199
ILE410 C,0.0004531929905894715
ALA411 C,0.00039966203043829697
PRO412 C,0.0003707337871365466
GLY413 C,0.00022148190382179604
GLN414 C,0.00028002234370896986
THR415 C,0.00029009174475860507
GLY416 C,0.0002804357014594264
LYS417 C,0.00029333260268753127
ILE418 C,0.00046049959545652703
ALA419 C,0.0004971137679269915
ASP420 C,0.00031835368700909274
TYR421 C,0.00031771506722740023
ASN422 C,0.0005021120311500377
TYR423 C,0.0004939577560603719
LYS424 C,0.00047776886058430434
LEU425 C,0.0003916939162874886
PRO426 C,0.0003008164885181229
ASP427 C,0.0002952132743122641
ASP428 C,0.00018146978863422568
PHE429 C,0.0003538772942881045
THR430 C,0.0003101054294590082
GLY431 C,0.00039505547108261135
CYS432 C,0.0004368778879047782
VAL433 C,0.00046427589462464205
ILE434 C,0.0004409847938015839
ALA435 C,0.00043409809973773777
TRP436 C,0.0003875425861680799
ASN437 C,0.0003673929604984876
SER438 C,0.0003755265250642589
ASN439 C,0.00037984014634623683
ASN440 C,0.00023923775337666487
LEU441 C,0.0002063332688340511
ASP442 C,0.00031005224090542983
SER443 C,0.0004594768778799028
LYS444 C,0.00032653296237954475
GLY447 C,0.00028583101483223023
ASN448 C,0.000393566894634605
TYR449 C,0.0003222311749575656
ASN450 C,0.00028484173138044924
TYR451 C,0.0004187541929375645
LEU452 C,0.0004494300968577019
TYR453 C,0.0003653862102355768
ARG454 C,0.00048130736162938707
LYS462 C,0.0001795838153976091
PRO463 C,0.00029107665131716034
PHE464 C,0.00037314003851393086
GLU465 C,0.0003387921127828781
ARG466 C,0.0003212335834114571
ASP467 C,0.0002494969495817759
ILE468 C,0.00017533629076275394
TYR489 C,0.00014235319759959512
PHE490 C,0.00016182373696024078
PRO491 C,0.0002680465838387964
LEU492 C,0.00028268262912025115
GLN493 C,0.00035612629790974197
SER494 C,0.0003325149606750909
TYR495 C,0.0003286789316061438
GLY496 C,0.0003272409705879206
PHE497 C,0.0004948026470716726
GLN498 C,0.00043888182170673875
PRO499 C,0.00031371857428288063
THR500 C,0.00010782320451000451
ASN501 C,0.0003257915647116645
VAL503 C,0.00020701033126324566
GLY504 C,0.00024451008873960787
TYR505 C,0.0003176986482476562
GLN506 C,0.0005239757506406713
PRO507 C,0.0004645106918499373
TYR508 C,0.000455492990636701
ARG509 C,0.0004238108609159433
VAL510 C,0.00044260193810229245
VAL511 C,0.0004347030385481607
VAL512 C,0.0003774630580618785
LEU513 C,0.00037943761968975333
SER514 C,0.00038825684761191297
PHE515 C,0.0003541730425175394
GLU516 C,0.0002956704930032795
LEU517 C,0.0002250595286564913
LEU518 C,0.0001958206183117939
HIS519 C,0.00029977718285510106
ALA520 C,0.00036801465840704986
PRO521 C,0.00030027719530465423
ALA522 C,0.0003141107136869019
THR523 C,0.00039436725326122803
VAL524 C,0.0005149935794562667
CYS525 C,0.0004897115833597884
GLY526 C,0.000434799814630842
PRO527 C,0.0003096303689563137
LYS528 C,0.00020374953579347125
LYS529 C,0.00021543544931798802
SER530 C,0.00033285794294251345
THR531 C,0.0002547531754555241
ASN532 C,0.000246858543201328
LEU533 C,0.0002498674543109781
VAL534 C,0.00027823348180327427
LYS535 C,0.00028060083877039276
ASN536 C,0.00023671977340393804
LYS537 C,0.0003023035555908941
CYS538 C,0.0004430474631871244
VAL539 C,0.0005162012164461468
ASN540 C,0.0004413204476769768
PHE541 C,0.00039806778499086907
ASN542 C,0.0004017140883259868
PHE543 C,0.0004047279792649997
ASN544 C,0.00035912618274662266
GLY545 C,0.0002901834170284618
LEU546 C,0.00035984819803367584
THR547 C,0.00036050000597023785
GLY548 C,0.00026087228268315617
THR549 C,0.00040473750473999986
GLY550 C,0.000465818845875456
VAL551 C,0.00047798648315955204
LEU552 C,0.00048168362587755215
THR553 C,0.0003480677855142906
GLU554 C,0.0002898327539353637
SER555 C,0.00024905219873979723
ASN556 C,0.00018537924749981405
LYS557 C,0.0002166554413111275
LYS558 C,0.0002661058862167962
PHE559 C,0.00035925905024657725
LEU560 C,0.00021208648795671133
PRO561 C,0.00017073919244776366
PHE562 C,0.00038107970565823013
GLN563 C,0.00042226793181525786
GLN564 C,0.00048385177859690644
PHE565 C,0.00046518797530355075
GLY566 C,0.0003982680037272891
ARG567 C,0.00043588022870949127
ASP568 C,0.0003015235844524859
ILE569 C,0.0002687773597041193
ALA570 C,0.0003345250362439515
ASP571 C,0.0003340536057157071
THR572 C,0.00027049400379722336
THR573 C,0.0003263205323109964
ASP574 C,0.00036324045587616833
ALA575 C,0.0003648803829049523
VAL576 C,0.00043077640382498393
ARG577 C,0.0003965219212596232
ASP578 C,0.0004032741712883944
PRO579 C,0.0003958024821343713
GLN580 C,0.00029968035634004843
THR581 C,0.00021884124859518513
LEU582 C,0.00025061461403582405
GLU583 C,0.0002176752242585195
ILE584 C,0.000527003160620758
LEU585 C,0.0004245837419854561
ASP586 C,0.00041104442346805603
ILE587 C,0.00039827809353226403
THR588 C,0.0002962364017096607
PRO589 C,0.0002788764492823786
CYS590 C,0.00040903734378026875
SER591 C,0.0003198204360133838
PHE592 C,0.000308650188507805
GLY593 C,0.0003701574756821758
GLY594 C,0.0004292413021978762
VAL595 C,0.0004204062277894392
SER596 C,0.0004155067435859408
VAL597 C,0.00047907082152644746
ILE598 C,0.000416067639720253
THR599 C,0.00044332644021829207
PRO600 C,0.0005020206531985061
GLY601 C,0.00041742881995695543
THR602 C,0.0004029521502324134
ASN603 C,0.00018761987609498297
THR604 C,0.00021150933513072587
SER605 C,0.0002616346095682371
ASN606 C,0.00031438659931810306
GLN607 C,0.0003133927056029398
VAL608 C,0.0003901528470462427
ALA609 C,0.0003853604168001034
VAL610 C,0.00037770242577784933
LEU611 C,0.0003764207128413572
TYR612 C,0.00046038372014766717
GLN613 C,0.0003514852927677065
ASP614 C,0.0003636187032547706
VAL615 C,0.00042059917405498534
ASN616 C,0.000344172946293496
CYS617 C,0.0002860362444380458
THR618 C,0.0001518698666262483
GLU619 C,0.00025239607001792776
VAL620 C,0.0002716658146969353
ASN641 C,0.00026683834922466935
VAL642 C,0.00033321035151754735
PHE643 C,0.00033104155781714996
GLN644 C,0.0003081543310348551
THR645 C,0.0002880518062166423
ARG646 C,0.00026303138725332944
ALA647 C,0.0003529906835277416
GLY648 C,0.00039948957189134477
CYS649 C,0.0005021013312646015
LEU650 C,0.0004201564498899462
ILE651 C,0.00032342547481151965
GLY652 C,0.0003262899168797407
ALA653 C,0.0004694644119786625
GLU654 C,0.0003800105185435929
HIS655 C,0.00031023766756775145
VAL656 C,0.0002821744508016541
ASN657 C,0.0002099153933439566
ASN658 C,0.00021295667392289648
SER659 C,0.0003262844958628631
TYR660 C,0.000285494186963079
GLU661 C,0.0002865580090903099
CYS662 C,0.0003035541512451071
ASP663 C,0.0002348334292063619
ILE664 C,0.0003611578586167395
PRO665 C,0.0003596418606760442
ILE666 C,0.00034898575244580955
GLY667 C,0.0004173297575469308
ALA668 C,0.00038921489203921873
GLY669 C,0.000388668526083566
ILE670 C,0.00042161756283424633
CYS671 C,0.00046541400756574126
ALA672 C,0.0004990708093863618
SER673 C,0.0003429390713311014
TYR674 C,0.00033974101581859937
GLN675 C,0.0002571148880472347
THR676 C,0.00025969596826917393
SER689 C,0.0001615698114918843
GLN690 C,0.00023389512913381445
SER691 C,0.00040096360737759153
ILE692 C,0.00048791967164640734
ILE693 C,0.00042594316319495
ALA694 C,0.0004007942311575831
TYR695 C,0.00046200411935852953
THR696 C,0.0003909413148223115
MET697 C,0.0003771219929146132
SER698 C,0.00032740356424670457
LEU699 C,0.00033732154414493735
GLY700 C,0.0002861385071544903
ALA701 C,0.00027822045133906413
GLU702 C,0.00023857636595984126
ASN703 C,0.00026217691117310645
SER704 C,0.000317305336937857
VAL705 C,0.0004405133541808813
ALA706 C,0.00020921439462995214
TYR707 C,0.0003523927676757327
SER708 C,0.00030537280896308824
ASN709 C,0.0003354991713702758
ASN710 C,0.0002881847088758989
SER711 C,0.0004181819189543613
ILE712 C,0.00040983333821630914
ALA713 C,0.0003499909946701549
ILE714 C,0.0004185540990747248
PRO715 C,0.00038841633114667994
THR716 C,0.00039280812411179324
ASN717 C,0.0003222146937255853
PHE718 C,0.00031522708473031517
THR719 C,0.00031765836781350054
ILE720 C,0.0003758711392413312
SER721 C,0.0003442679836026241
VAL722 C,0.00037523437091271797
THR723 C,0.0002771931553189815
THR724 C,0.00030638238283989326
GLU725 C,0.000272202941808135
ILE726 C,0.0003447755473716731
LEU727 C,0.00036460932141547
PRO728 C,0.00046241762884872777
VAL729 C,0.0004473486071735707
SER730 C,0.0003955186470823869
MET731 C,0.0003847341899415552
THR732 C,0.0003309241297466682
LYS733 C,0.00035621428273791906
THR734 C,0.00033765807180918155
SER735 C,0.00040311968507330696
VAL736 C,0.0003381577712176717
ASP737 C,0.0003359627193320205
CYS738 C,0.00043835305819339785
THR739 C,0.0003728836971058624
MET740 C,0.0003505890517026412
TYR741 C,0.00041002452257760997
ILE742 C,0.0003316580419795581
CYS743 C,0.0004559392744627811
GLY744 C,0.00031141519682545724
ASP745 C,0.00020952591741209492
SER746 C,0.0003135087291561964
THR747 C,0.00025210857493777346
GLU748 C,0.00024778166680383825
CYS749 C,0.0003823166826388886
SER750 C,0.00035646328039162594
ASN751 C,0.0002873849345283217
LEU752 C,0.00038385525283605245
LEU753 C,0.0003722307227857645
LEU754 C,0.00024072483051103624
GLN755 C,0.0003346723916038445
TYR756 C,0.00047034185631902165
GLY757 C,0.00040206161593811176
SER758 C,0.00030674898987917995
PHE759 C,0.0002716817697220851
CYS760 C,0.00036724922375911073
THR761 C,0.00027391035155805365
GLN762 C,0.00027570200064162565
LEU763 C,0.00040928742513678633
ASN764 C,0.0004058295771765494
ARG765 C,0.0002770924423531979
ALA766 C,0.00033959874809944696
LEU767 C,0.0004696132574127151
THR768 C,0.00030280845602039316
GLY769 C,0.0002722858862530467
ILE770 C,0.0003989936418102596
ALA771 C,0.000428235014866584
VAL772 C,0.00026651219278779923
GLU773 C,0.00026197233232508007
GLN774 C,0.000411194886041231
ASP775 C,0.0003809245398013541
LYS776 C,0.0002597439832457963
ASN777 C,0.0003969627218227611
THR778 C,0.0003979562358964534
GLN779 C,0.00031672741199421814
GLU780 C,0.0003429754798143703
VAL781 C,0.0004218316131490967
PHE782 C,0.0003707955550812668
ALA783 C,0.0003190974325726413
GLN784 C,0.0002539390188378443
VAL785 C,0.00033526754762198355
LYS786 C,0.0002405668838139772
GLN787 C,0.00034054575637888817
ILE788 C,0.0005358711811286182
TYR789 C,0.00041995437498559065
LYS790 C,0.00035627709741646905
THR791 C,0.0003944509687436029
PRO792 C,0.0003485915748366041
PRO793 C,0.0001522861235628706
ILE794 C,0.00015314722903070943
LYS795 C,0.00024128770215112877
ASP796 C,0.0002729213107296713
PHE797 C,0.0003562583149531801
GLY798 C,0.0003105605167995438
GLY799 C,0.0002961793360150231
PHE800 C,0.00031607597762905174
ASN801 C,0.00031895951874866214
PHE802 C,0.00024096379432699477
SER803 C,0.00024161076648968337
GLN804 C,0.00035030815955326
ILE805 C,0.0003736520448735698
LEU806 C,0.0004141267344295738
PRO807 C,0.0004012360580263264
ASP808 C,0.0003512323306046991
PRO809 C,0.00019108249670691537
SER810 C,0.00021678554342101993
LYS811 C,0.0002858572293525117
PRO812 C,0.00016768137932542305
SER813 C,0.00018605775443586108
LYS814 C,0.0005026733427103778
ARG815 C,0.00044366789937607667
SER816 C,0.0004273997457789629
PHE817 C,0.0003852428085383967
ILE818 C,0.0003421352394085069
GLU819 C,0.00040034086558093734
ASP820 C,0.00031515646510997384
LEU821 C,0.0003985386572794732
LEU822 C,0.0004527764051173654
PHE823 C,0.0003518874553070548
ASN824 C,0.00024979104084543236
LYS825 C,0.0002890613625075003
VAL826 C,0.00031367993935187084
THR827 C,0.0002540876399357711
LYS854 C,0.00021384149051937082
PHE855 C,0.0001761001064472332
ASN856 C,0.00028475765731658556
GLY857 C,0.00043101262798033693
LEU858 C,0.00039798384881901006
THR859 C,0.00027707407425691825
VAL860 C,0.0002685394391428103
LEU861 C,0.00039231727153471734
PRO862 C,0.0002949252602246505
PRO863 C,0.0003484458090278431
LEU864 C,0.0003519441346589698
LEU865 C,0.00042279595815714196
THR866 C,0.00029357565212423105
ASP867 C,0.00019640596849983
GLU868 C,0.0003554522547688466
MET869 C,0.0003312096478328182
ILE870 C,0.0003588741145554634
ALA871 C,0.0004007670204173692
GLN872 C,0.00032911313723335355
TYR873 C,0.0004076337780696804
THR874 C,0.0003674388036452652
SER875 C,0.00041097927746113323
ALA876 C,0.0004032905286559917
LEU877 C,0.00044057836027444093
LEU878 C,0.00033149744775058323
ALA879 C,0.0003713767491430502
GLY880 C,0.0004425615538377612
THR881 C,0.00037242737451186633
ILE882 C,0.0002756863332863625
THR883 C,0.0004504199358465001
SER884 C,0.0004121152645038663
GLY885 C,0.00043590407936008315
TRP886 C,0.00031457760407344824
THR887 C,0.00029617491588418123
PHE888 C,0.000378695130221667
GLY889 C,0.00043754905440318554
ALA890 C,0.0003298340079445502
GLY891 C,0.00032786370131718696
ALA892 C,0.00023909451139173508
ALA893 C,0.00032135437528072207
LEU894 C,0.0003879262410803092
GLN895 C,0.0004371648133647218
ILE896 C,0.0004960415300926203
PRO897 C,0.00048359136286827624
PHE898 C,0.00035465105943692743
ALA899 C,0.00036012454290021916
MET900 C,0.0002848288627181131
GLN901 C,0.00033797538598202636
MET902 C,0.0003174714234534712
ALA903 C,0.00041873893359266876
TYR904 C,0.00028859500214780363
ARG905 C,0.00033837358589124746
PHE906 C,0.00041487609199754755
ASN907 C,0.0003215323608318932
GLY908 C,0.0002811145967468538
ILE909 C,0.000309414710537332
GLY910 C,0.00029084158547444113
VAL911 C,0.0003863683520401832
THR912 C,0.00032690480744858926
GLN913 C,0.0003571026606235612
ASN914 C,0.0003002908698176681
VAL915 C,0.00030463691693560937
LEU916 C,0.000401174938906659
TYR917 C,0.0004495131777926709
GLU918 C,0.0003156496875487495
ASN919 C,0.0002810193142887355
GLN920 C,0.000343577365811467
LYS921 C,0.000250013609525529
LEU922 C,0.0002447017286929437
ILE923 C,0.0003763250783021478
ALA924 C,0.00043014063788169763
ASN925 C,0.00036168714603782796
GLN926 C,0.0003736504662239576
PHE927 C,0.0004420421507857851
ASN928 C,0.00039019242480068837
SER929 C,0.0002824889117024347
ALA930 C,0.0003708774755811466
ILE931 C,0.0003487174123663937
GLY932 C,0.0002864064287414198
LYS933 C,0.00029280295831561615
ILE934 C,0.00038585636243561495
GLN935 C,0.00036967864962658307
ASP936 C,0.0003045002501604918
SER937 C,0.00035210606153125403
LEU938 C,0.0004216601391761256
SER939 C,0.00030806013974425477
SER940 C,0.00022781145203804975
THR941 C,0.00027981046914875334
ALA942 C,0.00034946920920071636
SER943 C,0.00019063686469304058
ALA944 C,0.0003077230067714301
LEU945 C,0.0004001186291550125
GLY946 C,0.000307574988094685
LYS947 C,0.0003431473389123449
LEU948 C,0.0004708991121124827
GLN949 C,0.00036544355113815564
ASP950 C,0.0002893247658905869
VAL951 C,0.0003444631563937302
VAL952 C,0.00039466505273469486
ASN953 C,0.00029352071792472013
GLN954 C,0.00029372289122169367
ASN955 C,0.00035697561286003387
ALA956 C,0.00029645089323741006
GLN957 C,0.0002960179996425378
ALA958 C,0.00032660297317353563
LEU959 C,0.0002884657347714051
ASN960 C,0.0002866220317358398
THR961 C,0.0003180532591349557
LEU962 C,0.00038143850201944945
VAL963 C,0.0003855474840642723
LYS964 C,0.0004106754835380771
GLN965 C,0.0004345927184260984
LEU966 C,0.0003321154536066865
SER967 C,0.00039968998076872226
SER968 C,0.0003603296832781634
ASN969 C,0.0003952325425288075
PHE970 C,0.00035685319100458305
GLY971 C,0.0003306060573265226
ALA972 C,0.0003240314190843326
ILE973 C,0.00022853732881966638
SER974 C,0.0002967434793341944
SER975 C,0.0003950199887423588
VAL976 C,0.00030175510963197766
LEU977 C,0.0003336776183087464
ASN978 C,0.0003349144747039246
ASP979 C,0.0003314873175036922
ILE980 C,0.0004337574674151554
LEU981 C,0.0003398122796846878
SER982 C,0.0003585406521552344
ARG983 C,0.0003949487738538826
LEU984 C,0.0003719794215949234
ASP985 C,0.00030893322537556983
PRO986 C,0.00024081767259827357
PRO987 C,0.00029236749796569925
GLU988 C,0.0002794425834123119
ALA989 C,0.00041275881602404873
GLU990 C,0.00039047741772873465
VAL991 C,0.0002767280695515971
GLN992 C,0.0004045891566405507
ILE993 C,0.0003989570670004158
ASP994 C,0.0003048926083520423
ARG995 C,0.00039831378107513493
LEU996 C,0.0004611255382949908
ILE997 C,0.00039804998917849376
THR998 C,0.00026729710690695394
GLY999 C,0.00032860543645372113
ARG1000 C,0.00040031145894628764
LEU1001 C,0.0003676240447628516
GLN1002 C,0.0002737404139770777
SER1003 C,0.0003741002603920576
LEU1004 C,0.00037331640697573003
GLN1005 C,0.00030630448866640316
THR1006 C,0.0002759945241828514
TYR1007 C,0.00034610102882672765
VAL1008 C,0.0003744292318227227
THR1009 C,0.0003430847075630251
GLN1010 C,0.0002751367843406362
GLN1011 C,0.00033593224628367867
LEU1012 C,0.0004060710949858056
ILE1013 C,0.0003729625024657773
ARG1014 C,0.00026994494165894357
ALA1015 C,0.00032465628505862806
ALA1016 C,0.0002985897397693183
GLU1017 C,0.0002982894150072971
ILE1018 C,0.0003781910362060955
ARG1019 C,0.0003713569821950816
ALA1020 C,0.0002572335472751222
SER1021 C,0.00033781088070154665
ALA1022 C,0.0004823445606621585
ASN1023 C,0.00033553092367632613
LEU1024 C,0.00024698764745645775
ALA1025 C,0.00038188121940111174
ALA1026 C,0.00033022348889336116
THR1027 C,0.0003244560270855223
LYS1028 C,0.00032273607662068095
MET1029 C,0.0003464039763784652
SER1030 C,0.00040737041033411976
GLU1031 C,0.0004051129436359519
CYS1032 C,0.00037336865659961193
VAL1033 C,0.000399080208605371
LEU1034 C,0.00039488927157238377
GLY1035 C,0.00034026560429128045
GLN1036 C,0.0003810337167850135
SER1037 C,0.00035119590318942977
LYS1038 C,0.00021064044573332677
ARG1039 C,0.00023693466272855205
VAL1040 C,0.00040697314595484536
ASP1041 C,0.00032324756401983813
PHE1042 C,0.0003231667523027342
CYS1043 C,0.00035008113432800025
GLY1044 C,0.00035743553615584555
LYS1045 C,0.0003500124895384579
GLY1046 C,0.0003216849348886448
TYR1047 C,0.0003307372161138945
HIS1048 C,0.00044097073239139336
LEU1049 C,0.0004483564891856822
MET1050 C,0.0003449583893746557
SER1051 C,0.0003186447633156438
PHE1052 C,0.00035366541388512466
PRO1053 C,0.00038176782794208325
GLN1054 C,0.00040416582128861595
SER1055 C,0.0003742548379127285
ALA1056 C,0.00031540546189329953
PRO1057 C,0.00029135624187594266
HIS1058 C,0.00030786008574677304
GLY1059 C,0.00036771746241591745
VAL1060 C,0.00042290324914621947
VAL1061 C,0.00036609982357056607
PHE1062 C,0.0003292279020503551
LEU1063 C,0.0003622694787960431
HIS1064 C,0.0004432517923076472
VAL1065 C,0.0003875028185948062
THR1066 C,0.000412268874110393
TYR1067 C,0.00036239508867108784
VAL1068 C,0.0003678537014390063
PRO1069 C,0.00047655427444084274
ALA1070 C,0.00031814817346706865
GLN1071 C,0.00025886624508820403
GLU1072 C,0.0002891984751231089
LYS1073 C,0.0002596242626288982
ASN1074 C,0.0002567648157175438
PHE1075 C,0.00040531381955106327
THR1076 C,0.00037674416522773735
THR1077 C,0.000354057557754752
ALA1078 C,0.00039900470367835593
PRO1079 C,0.00046987780155725265
ALA1080 C,0.0004370103529611133
ILE1081 C,0.0004480861526655558
CYS1082 C,0.0005532682948452973
HIS1083 C,0.0003959328898750746
ASP1084 C,0.00013924348765302012
GLY1085 C,0.00024341058409973326
LYS1086 C,0.0004098661910300255
ALA1087 C,0.000524391489521253
HIS1088 C,0.0004135898607930779
PHE1089 C,0.00044383179302759834
PRO1090 C,0.00040151013440212967
ARG1091 C,0.00024180357802365494
GLU1092 C,0.00029506019416781636
GLY1093 C,0.0002648502671219461
VAL1094 C,0.00038530927995098104
PHE1095 C,0.0004306123870850423
VAL1096 C,0.00046385634928446
SER1097 C,0.00040184706268581296
ASN1098 C,0.0002925550048530013
GLY1099 C,0.00021458909392186985
THR1100 C,0.00017882184959527875
HIS1101 C,0.00022107746499784695
TRP1102 C,0.00039521999043969053
PHE1103 C,0.0003863699213120657
VAL1104 C,0.0004746605491816367
THR1105 C,0.0004671521661601709
GLN1106 C,0.00042693766778577997
ARG1107 C,0.00035603623944610444
ASN1108 C,0.0002861224427524911
PHE1109 C,0.00038487407436807957
TYR1110 C,0.00035427234523472057
GLU1111 C,0.00023090694211959172
PRO1112 C,0.00029696524092027413
GLN1113 C,0.00023745400795088925
ILE1114 C,0.0002841759734816123
ILE1115 C,0.00043462078240082895
THR1116 C,0.0003951349705858171
THR1117 C,0.0003832187622634579
ASP1118 C,0.00022474810943852696
ASN1119 C,0.00035307356258739017
THR1120 C,0.00043220793054422646
PHE1121 C,0.00035823696314998653
VAL1122 C,0.00027519137973151613
SER1123 C,0.00031045786707876923
GLY1124 C,0.0002843158216466332
ASN1125 C,0.00037565773353434156
CYS1126 C,0.00035472382147158356
ASP1127 C,0.00014088500271834399
VAL1128 C,0.00028929386445540075
VAL1129 C,0.0004326181219311044
ILE1130 C,0.00020419855146267126
GLY1131 C,0.00023474037550022574
ILE1132 C,0.0004121951479296261
VAL1133 C,0.00027405839555400154
ASN1134 C,0.0002414215973468331
ASN1135 C,0.00028227984573555014
THR1136 C,0.000284721792681966
VAL1137 C,0.00030021290338688895
TYR1138 C,0.00030435116948922416
ASP1139 C,0.0003421523978506455
PRO1140 C,0.0003571020404513486
LEU1141 C,0.0002853398457786
GLN1142 C,0.0003379710798076868
PRO1143 C,0.00035407206327061
GLU1144 C,0.00035311651545527487
LEU1145 C,0.0004110369534781396
ASP1146 C,0.00023835795770643935
SER1147 C,0.0002393135055217745
